Unit Code,GEO,PROJECT,PHASE,SUB PHASE,BATCH,UNIT TYPE,LOT AREA,FLOOR AREA,TCP,VAT,TCP w/o VAT,ETD,S HOUSECON,SU & INVENTORY,APPLICABLE TERM,HOUSECON REMARKS,
B022L001,SOMA1,GEN TRI,3,B,1,UNNA CORNER,137,54,"6,145,947.00","614,597.87","5,531,349.13",Oct-27,0%,0%,OPEN,MEMO TERM,YELLOW TAG
B022L030,SOMA1,GEN TRI,3,B,1,UNNA CORNER,139,54,"6,031,025.00","603,109.87","5,427,915.13",Oct-27,0%,0%,OPEN,MEMO TERM,YELLOW TAG
B022L034,SOMA1,GEN TRI,3,B,1,UNNA CORNER,153,54,"6,352,645.00","635,265.55","5,717,379.45",Nov-27,0%,0%,OPEN,MEMO TERM,YELLOW TAG
B022L036,SOMA1,GEN TRI,3,B,1,UNNA CORNER,138,54,"6,008,088.00","600,813.03","5,407,274.97",Nov-27,0%,0%,OPEN,MEMO TERM,YELLOW TAG
B023L001,SOMA1,GEN TRI,3,B,1,UNNA CORNER,133,54,"5,926,361.00","480,000.01","5,446,360.99",Nov-27,17%,17%,OPEN,MEMO TERM,YELLOW TAG
B011L022,SOMA1,GEN TRI,3,B,2,UNNA CORNER,137,54,"5,985,151.00","598,516.20","5,386,634.80",Nov-27,1%,1%,OPEN,MEMO TERM,YELLOW TAG
B012L015,SOMA1,GEN TRI,3,B,2,UNNA REGULAR,155,54,"5,800,778.00","580,079.82","5,220,698.18",Nov-27,0%,0%,OPEN,MEMO TERM,YELLOW TAG
B014L006,SOMA1,GEN TRI,3,B,2,UNNA CORNER,148,54,"6,573,451.00","657,348.35","5,916,102.65",Oct-27,0%,0%,OPEN,MEMO TERM,YELLOW TAG
B014L007,SOMA1,GEN TRI,3,B,2,UNNA CORNER,146,54,"6,191,785.00","619,187.71","5,572,597.29",Oct-27,0%,0%,OPEN,MEMO TERM,YELLOW TAG
B011L023,SOMA1,GEN TRI,3,B,2,UNNA CORNER,137,54,"5,985,151.00","598,516.20","5,386,634.80",Nov-27,0%,0%,OPEN,MEMO TERM,YELLOW TAG
B011L027,SOMA1,GEN TRI,3,B,2,UNNA CORNER,123,54,"5,663,531","566,360.51","5,097,170",Dec-27,0%,0%,OPEN,MEMO TERM,YELLOW TAG
B022L039,SOMA1,GEN TRI,3,B,1,UNNA CORNER,129,54,"5,801,354","580,141.52","5,221,212",Nov-27,0%,0%,OPEN,MEMO TERM,YELLOW TAG
B016L034,NOMA1,PANDI EXPANSION,4,A,1B,CALISTA MID,48,40,"2,742,911",-,"2,742,911",Jan-27,0%,0%,OPEN,MEMO TERM,YELLOW TAG
B026L030,SOMA1,IMPRESSIONS GEN TRI,1,,1,CALISTA END,178,40,"6,908,707","690,879.28","6,217,827",Dec-27,0%,0%,OPEN,MEMO TERM,YELLOW TAG
B027L001,SOMA1,IMPRESSIONS GEN TRI,1,,1,CALISTA END CORNER,172,40,"6,714,340.20","671,436.45","6,042,903.75",Dec-27,0%,0%,OPEN,MEMO TERM,YELLOW TAG
B028L001,SOMA1,IMPRESSIONS GEN TRI,1,,1,CALISTA END CORNER,167,40,"6,634,168.86","663,425.24","5,970,743.63",Nov-27,0%,0%,OPEN,MEMO TERM,YELLOW TAG
B028L028,SOMA1,IMPRESSIONS GEN TRI,1,,1,CALISTA END CORNER,145,40,"5,985,519.30","598,555.64","5,386,963.66",Oct-27,0%,0%,OPEN,MEMO TERM,YELLOW TAG
B028L045,SOMA1,IMPRESSIONS GEN TRI,1,,1,CALISTA END CORNER,141,40,"6,042,136.07","604,214.58","5,437,921.49",Oct-27,0%,0%,OPEN,MEMO TERM,YELLOW TAG
B028L058,SOMA1,IMPRESSIONS GEN TRI,1,,1,CALISTA END,148,40,"6,024,193.53","602,420.73","5,421,772.79",Oct-27,0%,0%,OPEN,MEMO TERM,YELLOW TAG
B055L019,SOMA1,NAIC,2,A,1,CALISTA END,117,40,"3,807,394.00",-,"3,807,394.00",Apr-26,12%,12%,REOPEN,RSBS WITHIN THE MONTH,YELLOW TAG
B028L071,SOMA1,IMPRESSIONS GEN TRI,1,,2,CALISTA END,138,40,"5,729,289.18","572,934.55","5,156,354.62",Jan-28,0%,0%,OPEN,MEMO TERM,YELLOW TAG
B037L004,SOMA1,IMPRESSIONS GEN TRI,1,,2,CALISTA END CORNER,141,40,"6,216,634.58","621,667.99","5,594,966.59",Jan-28,0%,0%,OPEN,MEMO TERM,YELLOW TAG
B038L011,SOMA1,IMPRESSIONS GEN TRI,1,,2,CALISTA END CORNER,174,40,"6,976,374.41","697,647.26","6,278,727.15",Mar-28,0%,0%,OPEN,MEMO TERM,YELLOW TAG
B039L001,SOMA1,IMPRESSIONS GEN TRI,1,,2,CALISTA END CORNER,149,40,"6,466,707.87","646,672.27","5,820,035.60",Feb-28,0%,0%,OPEN,MEMO TERM,YELLOW TAG
B039L003,SOMA1,IMPRESSIONS GEN TRI,1,,2,CALISTA END,133,40,"5,749,280.61","574,937.21","5,174,343.40",Feb-28,0%,0%,OPEN,MEMO TERM,YELLOW TAG
B039L005,SOMA1,IMPRESSIONS GEN TRI,1,,2,CALISTA END,136,40,"5,953,865.72","595,389.18","5,358,476.54",Feb-28,0%,0%,OPEN,MEMO TERM,YELLOW TAG
B039L021,SOMA1,IMPRESSIONS GEN TRI,1,,2,CALISTA END,128,40,"5,597,450.37","559,751.83","5,037,698.55",Feb-28,0%,0%,OPEN,MEMO TERM,YELLOW TAG
B039L030,SOMA1,IMPRESSIONS GEN TRI,1,,2,CALISTA END,138,40,"5,901,211","590,122.59","5,311,088",Feb-28,0%,0%,OPEN,MEMO TERM,YELLOW TAG
B040L006,SOMA1,IMPRESSIONS GEN TRI,1,,2,CALISTA END CORNER,126,40,"5,425,231","542,531.90","4,882,699",Mar-28,0%,0%,OPEN,MEMO TERM,YELLOW TAG
B040L007,SOMA1,IMPRESSIONS GEN TRI,1,,2,CALISTA END,153,40,"6,480,205","648,022.02","5,832,183",Mar-28,0%,0%,OPEN,MEMO TERM,YELLOW TAG
B040L014,SOMA1,IMPRESSIONS GEN TRI,1,,2,CALISTA END CORNER,133,40,"5,910,763","591,081.80","5,319,682",Mar-28,0%,0%,OPEN,MEMO TERM,YELLOW TAG
B040L015,SOMA1,IMPRESSIONS GEN TRI,1,,2,CALISTA END CORNER,133,40,"5,631,674.08","563,172.22","5,068,501.85",Mar-28,0%,0%,OPEN,MEMO TERM,YELLOW TAG
B010L011,NOMA1,BALIWAG EXPANSION,5,,1,CALISTA MID,48,40,"2,597,286.00",-,"2,597,286.00",Aug-28,0%,0%,OPEN,MEMO TERM,YELLOW TAG
B010L012,NOMA1,BALIWAG EXPANSION,5,,1,CALISTA MID,48,40,"2,597,286.00",-,"2,597,286.00",Aug-28,0%,0%,OPEN,MEMO TERM,YELLOW TAG
B010L013,NOMA1,BALIWAG EXPANSION,5,,1,CALISTA MID,48,40,"2,597,286.00",-,"2,597,286.00",Aug-28,0%,0%,OPEN,MEMO TERM,YELLOW TAG
B010L014,NOMA1,BALIWAG EXPANSION,5,,1,CALISTA MID,48,40,"2,597,286.00",-,"2,597,286.00",Aug-28,0%,0%,OPEN,MEMO TERM,YELLOW TAG
B010L019,NOMA1,BALIWAG EXPANSION,5,,1,CALISTA MID,48,40,"2,597,286.00",-,"2,597,286.00",Jul-28,0%,0%,OPEN,MEMO TERM,YELLOW TAG
B010L022,NOMA1,BALIWAG EXPANSION,5,,1,CALISTA MID,48,40,"2,597,286.00",-,"2,597,286.00",Jul-28,0%,0%,OPEN,MEMO TERM,YELLOW TAG
B010L031,NOMA1,BALIWAG EXPANSION,5,,1,CALISTA MID,48,40,"2,597,286.00",-,"2,597,286.00",Jul-28,0%,0%,OPEN,MEMO TERM,YELLOW TAG
B010L032,NOMA1,BALIWAG EXPANSION,5,,1,CALISTA MID,48,40,"2,597,286",-,"2,597,286",Jul-28,0%,0%,OPEN,MEMO TERM,YELLOW TAG
B011L023,NOMA1,BALIWAG EXPANSION,5,,1,CALISTA MID,48,40,"2,623,579",-,"2,623,579",Jul-28,0%,0%,OPEN,MEMO TERM,YELLOW TAG
B011L025,NOMA1,BALIWAG EXPANSION,5,,1,CALISTA MID,48,40,"2,623,579",-,"2,623,579",Jul-28,0%,0%,OPEN,MEMO TERM,YELLOW TAG
B011L028,NOMA1,BALIWAG EXPANSION,5,,1,CALISTA END CORNER,115,40,"4,769,868.00",-,"4,769,868.00",Jul-28,0%,0%,OPEN,MEMO TERM,YELLOW TAG
B012L004,NOMA1,BALIWAG EXPANSION,5,,1,CALISTA MID,44,40,"2,506,224.00",-,"2,506,224.00",Aug-28,0%,0%,OPEN,MEMO TERM,YELLOW TAG
B005L076,SOMA1,NAIC,1,B,1,CALISTA MID,50,40,"2,391,534.00",-,"2,391,534.00",Jul-28,65%,60%,OPEN,RSBS WITHIN THE MONTH,RED TAG
B005L078,SOMA1,NAIC,1,B,1,CALISTA MID,50,40,"2,391,534.00",-,"2,391,534.00",Jul-28,65%,60%,OPEN,RSBS WITHIN THE MONTH,RED TAG
B021L013,SOMA1,NAIC,1,B,1,CALISTA MID,44,40,"2,218,570.00",-,"2,218,570.00",Aug-28,60%,60%,OPEN,RSBS WITHIN THE MONTH,RED TAG
B021L016,SOMA1,NAIC,1,B,1,CALISTA MID,44,40,"2,218,570.00",-,"2,218,570.00",Aug-28,60%,60%,OPEN,RSBS WITHIN THE MONTH,RED TAG
B021L017,SOMA1,NAIC,1,B,1,CALISTA MID,44,40,"2,218,570.00",-,"2,218,570.00",Aug-28,60%,60%,OPEN,RSBS WITHIN THE MONTH,RED TAG
B021L019,SOMA1,NAIC,1,B,1,CALISTA MID,44,40,"2,218,570.00",-,"2,218,570.00",Aug-28,60%,60%,OPEN,RSBS WITHIN THE MONTH,RED TAG
B021L023,SOMA1,NAIC,1,B,1,CALISTA MID,44,40,"2,218,570.00",-,"2,218,570.00",Aug-28,60%,60%,OPEN,RSBS WITHIN THE MONTH,RED TAG
B021L026,SOMA1,NAIC,1,B,1,CALISTA MID,44,40,"2,218,570.00",-,"2,218,570.00",Aug-28,60%,60%,OPEN,RSBS WITHIN THE MONTH,RED TAG
B021L027,SOMA1,NAIC,1,B,1,CALISTA MID,44,40,"2,218,570.00",-,"2,218,570.00",Aug-28,60%,60%,OPEN,RSBS WITHIN THE MONTH,RED TAG
B021L028,SOMA1,NAIC,1,B,1,CALISTA MID,44,40,"2,218,570.00",-,"2,218,570.00",Aug-28,60%,60%,OPEN,RSBS WITHIN THE MONTH,RED TAG
B021L071,SOMA1,NAIC,1,B,1,CALISTA MID,44,40,"2,285,098.00",-,"2,285,098.00",Aug-28,60%,60%,OPEN,RSBS WITHIN THE MONTH,RED TAG
B021L072,SOMA1,NAIC,1,B,1,CALISTA MID,44,40,"2,285,098.00",-,"2,285,098.00",Sep-28,60%,60%,OPEN,RSBS WITHIN THE MONTH,RED TAG
B021L073,SOMA1,NAIC,1,B,1,CALISTA MID,44,40,"2,285,098.00",-,"2,285,098.00",Sep-28,60%,60%,OPEN,RSBS WITHIN THE MONTH,RED TAG
B021L074,SOMA1,NAIC,1,B,1,CALISTA MID,44,40,"2,285,098.00",-,"2,285,098.00",Sep-28,60%,60%,OPEN,RSBS WITHIN THE MONTH,RED TAG
B021L075,SOMA1,NAIC,1,B,1,CALISTA MID,44,40,"2,285,098.00",-,"2,285,098.00",Sep-28,60%,60%,OPEN,RSBS WITHIN THE MONTH,RED TAG
B021L076,SOMA1,NAIC,1,B,1,CALISTA MID,44,40,"2,285,098.00",-,"2,285,098.00",Sep-28,60%,60%,OPEN,RSBS WITHIN THE MONTH,RED TAG
B021L077,SOMA1,NAIC,1,B,1,CALISTA MID,44,40,"2,285,098.00",-,"2,285,098.00",Sep-28,60%,60%,OPEN,RSBS WITHIN THE MONTH,RED TAG
B021L080,SOMA1,NAIC,1,B,1,CALISTA MID,44,40,"2,285,098.00",-,"2,285,098.00",Sep-28,60%,60%,OPEN,RSBS WITHIN THE MONTH,RED TAG
B021L081,SOMA1,NAIC,1,B,1,CALISTA MID,44,40,"2,285,098.00",-,"2,285,098.00",Sep-28,60%,60%,OPEN,RSBS WITHIN THE MONTH,RED TAG
B021L082,SOMA1,NAIC,1,B,1,CALISTA MID,44,40,"2,285,098.00",-,"2,285,098.00",Sep-28,60%,60%,OPEN,RSBS WITHIN THE MONTH,RED TAG
B021L083,SOMA1,NAIC,1,B,1,CALISTA MID,44,40,"2,285,098.00",-,"2,285,098.00",Sep-28,60%,60%,OPEN,RSBS WITHIN THE MONTH,RED TAG
B021L084,SOMA1,NAIC,1,B,1,CALISTA MID,44,40,"2,285,098.00",-,"2,285,098.00",Sep-28,60%,60%,OPEN,RSBS WITHIN THE MONTH,RED TAG
B021L085,SOMA1,NAIC,1,B,1,CALISTA MID,44,40,"2,285,098.00",-,"2,285,098.00",Sep-28,60%,60%,OPEN,RSBS WITHIN THE MONTH,RED TAG
B021L087,SOMA1,NAIC,1,B,1,CALISTA MID,44,40,"2,285,098.00",-,"2,285,098.00",Sep-28,60%,60%,OPEN,RSBS WITHIN THE MONTH,RED TAG
B021L091,SOMA1,NAIC,1,B,1,CALISTA MID,44,40,"2,285,098.00",-,"2,285,098.00",Oct-28,67%,60%,OPEN,RSBS WITHIN THE MONTH,RED TAG
B021L092,SOMA1,NAIC,1,B,1,CALISTA MID,44,40,"2,285,098.00",-,"2,285,098.00",Oct-28,67%,60%,OPEN,RSBS WITHIN THE MONTH,RED TAG
B021L093,SOMA1,NAIC,1,B,1,CALISTA MID,44,40,"2,285,098.00",-,"2,285,098.00",Oct-28,67%,60%,OPEN,RSBS WITHIN THE MONTH,RED TAG
B021L094,SOMA1,NAIC,1,B,1,CALISTA MID,44,40,"2,285,098.00",-,"2,285,098.00",Oct-28,67%,60%,OPEN,RSBS WITHIN THE MONTH,RED TAG
B055L018,SOMA1,NAIC,2,A,1,CALISTA END,126,40,"3,994,658.00",-,"3,994,658.00",Apr-26,0%,0%,Fallout,MEMO TERM,YELLOW TAG
B013L019,NOMA1,PANDI EXPANSION,4,A,1A,CALISTA MID,48,40,"2,551,615.00",-,"2,551,615.00",Feb-27,12%,12%,Fallout,MEMO TERM,YELLOW TAG
B004L008,NOMA1,BALIWAG EXPANSION,4,,1A,CALISTA END CORNER,108,40,"4,900,386.00",-,"4,900,386.00",Apr-27,0%,0%,Fallout,MEMO TERM,YELLOW TAG
B011L024,NOMA1,PANDI EXPANSION,4,A,3,CALISTA END,104,40,"4,377,918.00",-,"4,377,918.00",Apr-27,0%,0%,OPEN,MEMO TERM,YELLOW TAG
B038L042,SOMA1,IMPRESSIONS GEN TRI,1,-,3,CALISTA END,142,40,"5,788,796.21","578,881.74","5,209,914.47",Jun-28,0%,0%,OPEN,MEMO TERM,YELLOW TAG
B041L001,SOMA1,IMPRESSIONS GEN TRI,1,-,3,CALISTA END CORNER,162,40,"6,486,766.69","648,682.15","5,838,084.54",Apr-28,0%,0%,OPEN,MEMO TERM,YELLOW TAG
B041L010,SOMA1,IMPRESSIONS GEN TRI,1,-,3,CALISTA END CORNER,161,40,"6,457,246.25","645,733.53","5,811,512.73",Apr-28,0%,0%,OPEN,MEMO TERM,YELLOW TAG
B041L011,SOMA1,IMPRESSIONS GEN TRI,1,-,3,CALISTA END CORNER,142,40,"6,189,431.54","618,946.24","5,570,485.30",Apr-28,0%,0%,OPEN,MEMO TERM,YELLOW TAG
B041L056,SOMA1,IMPRESSIONS GEN TRI,1,-,3,CALISTA END CORNER,148,40,"6,254,658.41","625,474.11","5,629,184.29",Jun-28,0%,0%,OPEN,MEMO TERM,YELLOW TAG
B041L057,SOMA1,IMPRESSIONS GEN TRI,1,-,3,CALISTA END CORNER,168,40,"6,862,079.37","686,215.65","6,175,863.72",Jun-28,0%,0%,OPEN,MEMO TERM,YELLOW TAG
B042L094,SOMA1,IMPRESSIONS GEN TRI,1,-,3,CALISTA END CORNER,133,40,"5,631,674.08","563,172.22","5,068,501.85",Apr-28,0%,0%,OPEN,MEMO TERM,YELLOW TAG
B021L025,SOMA1,NAIC,1,B,1,CALISTA MID,44,40,"2,218,570.00",-,"2,218,570.00",Aug-28,60%,60%,OPEN,RSBS WITHIN THE MONTH,RED TAG
B003L033,NOMA1,BALIWAG EXPANSION,4,,1A,CALISTA END,117,40,"5,136,875.00",-,"5,136,875.00",Jul-27,0%,0%,OPEN,MEMO TERM,YELLOW TAG
B020L033,SOMA1,NAIC,1,B,2,CALISTA MID,50,40,"2,356,368.00",-,"2,356,368.00",Oct-28,0%,0%,OPEN,MEMO TERM,YELLOW TAG
B020L034,SOMA1,NAIC,1,B,2,CALISTA MID,50,40,"2,356,368.00",-,"2,356,368.00",Oct-28,0%,0%,OPEN,MEMO TERM,YELLOW TAG
B020L038,SOMA1,NAIC,1,B,2,CALISTA MID,50,40,"2,356,368.00",-,"2,356,368.00",Oct-28,0%,0%,OPEN,MEMO TERM,YELLOW TAG
B020L039,SOMA1,NAIC,1,B,2,CALISTA MID,50,40,"2,356,368.00",-,"2,356,368.00",Oct-28,0%,0%,OPEN,MEMO TERM,YELLOW TAG
B020L040,SOMA1,NAIC,1,B,2,CALISTA MID,50,40,"2,356,368.00",-,"2,356,368.00",Oct-28,0%,0%,OPEN,MEMO TERM,YELLOW TAG
B020L045,SOMA1,NAIC,1,B,2,CALISTA MID,50,40,"2,356,368.00",-,"2,356,368.00",Oct-28,0%,0%,OPEN,MEMO TERM,YELLOW TAG
B022L020,SOMA1,NAIC,1,B,2,CALISTA MID,44,40,"2,218,570.00",-,"2,218,570.00",Jan-29,0%,0%,OPEN,MEMO TERM,YELLOW TAG
B022L021,SOMA1,NAIC,1,B,2,CALISTA MID,44,40,"2,218,570.00",-,"2,218,570.00",Jan-29,0%,0%,OPEN,MEMO TERM,YELLOW TAG
B022L029,SOMA1,NAIC,1,B,2,CALISTA MID,44,40,"2,218,570.00",-,"2,218,570.00",Jan-29,0%,0%,OPEN,MEMO TERM,YELLOW TAG
B023L012,SOMA1,NAIC,1,B,2,CALISTA MID,44,40,"2,218,570.00",-,"2,218,570.00",Nov-28,0%,0%,OPEN,MEMO TERM,YELLOW TAG
B023L013,SOMA1,NAIC,1,B,2,CALISTA MID,44,40,"2,218,570.00",-,"2,218,570.00",Nov-28,0%,0%,OPEN,MEMO TERM,YELLOW TAG
B023L014,SOMA1,NAIC,1,B,2,CALISTA MID,44,40,"2,218,570.00",-,"2,218,570.00",Nov-28,0%,0%,OPEN,MEMO TERM,YELLOW TAG
B023L015,SOMA1,NAIC,1,B,2,CALISTA MID,44,40,"2,218,570.00",-,"2,218,570.00",Nov-28,0%,0%,OPEN,MEMO TERM,YELLOW TAG
B023L016,SOMA1,NAIC,1,B,2,CALISTA MID,44,40,"2,218,570.00",-,"2,218,570.00",Dec-28,0%,0%,OPEN,MEMO TERM,YELLOW TAG
B023L032,SOMA1,NAIC,1,B,2,CALISTA MID,44,40,"2,218,570.00",-,"2,218,570.00",Dec-28,0%,0%,OPEN,MEMO TERM,YELLOW TAG
B023L033,SOMA1,NAIC,1,B,2,CALISTA MID,44,40,"2,218,570.00",-,"2,218,570.00",Dec-28,0%,0%,OPEN,MEMO TERM,YELLOW TAG
B023L034,SOMA1,NAIC,1,B,2,CALISTA MID,44,40,"2,218,570.00",-,"2,218,570.00",Jan-29,0%,0%,OPEN,MEMO TERM,YELLOW TAG
B008L006,SOMA1,GEN TRI,3,B,3,UNNA REGULAR,99,54,"4,688,887.00","468,898.56","4,219,988.44",Feb-28,0%,0%,OPEN,MEMO TERM,YELLOW TAG
B008L007,SOMA1,GEN TRI,3,B,3,UNNA CORNER,163,54,"6,286,653.00","628,666.39","5,657,986.61",Feb-28,0%,0%,OPEN,MEMO TERM,YELLOW TAG
B008L008,SOMA1,GEN TRI,3,B,3,UNNA CORNER,143,54,"6,122,874.00","612,297.21","5,510,576.79",Feb-28,0%,0%,OPEN,MEMO TERM,YELLOW TAG
B008L009,SOMA1,GEN TRI,3,B,3,UNNA REGULAR,96,54,"4,847,621.00","484,770.13","4,362,850.87",Feb-28,0%,0%,OPEN,MEMO TERM,YELLOW TAG
B008L014,SOMA1,GEN TRI,3,B,3,UNNA CORNER,143,54,"6,122,874.00","612,297.21","5,510,576.79",Mar-28,0%,0%,OPEN,MEMO TERM,YELLOW TAG
B011L002,SOMA1,GEN TRI,3,B,3,UNNA REGULAR,88,54,"4,707,130.00","470,713.93","4,236,416.07",Jan-28,17%,17%,OPEN,MEMO TERM,YELLOW TAG
B011L006,SOMA1,GEN TRI,3,B,3,UNNA REGULAR,99,54,"4,962,122.00","496,213.04","4,465,908.96",Jan-28,14%,14%,OPEN,MEMO TERM,YELLOW TAG
B011L010,SOMA1,GEN TRI,3,B,3,UNNA REGULAR,99,54,"4,962,122.00","496,213.04","4,465,908.96",Jan-28,17%,17%,OPEN,MEMO TERM,YELLOW TAG
B011L011,SOMA1,GEN TRI,3,B,3,UNNA REGULAR,99,54,"4,962,122.00","496,213.04","4,465,908.96",Jan-28,17%,17%,OPEN,MEMO TERM,YELLOW TAG
B011L035,SOMA1,GEN TRI,3,B,3,UNNA REGULAR,101,54,"4,962,507.00","496,254.30","4,466,252.70",Jan-28,0%,0%,OPEN,MEMO TERM,YELLOW TAG
B011L041,SOMA1,GEN TRI,3,B,3,UNNA REGULAR,88,54,"4,447,995.00","444,803.07","4,003,191.93",Feb-28,0%,0%,OPEN,MEMO TERM,YELLOW TAG
B012L001,SOMA1,GEN TRI,3,B,3,UNNA CORNER,142,54,"6,045,312.00","604,533.48","5,440,778.52",Feb-28,0%,0%,OPEN,MEMO TERM,YELLOW TAG
B012L003,SOMA1,GEN TRI,3,B,3,UNNA REGULAR,101,54,"4,916,521.00","491,659.35","4,424,861.65",Feb-28,0%,0%,OPEN,MEMO TERM,YELLOW TAG
B012L004,SOMA1,GEN TRI,3,B,3,UNNA REGULAR,101,54,"4,916,521.00","491,659.35","4,424,861.65",Feb-28,0%,0%,OPEN,MEMO TERM,YELLOW TAG
B012L005,SOMA1,GEN TRI,3,B,3,UNNA REGULAR,102,54,"4,939,259","493,934.92","4,445,324",Feb-28,0%,0%,OPEN,MEMO TERM,YELLOW TAG
B012L006,SOMA1,GEN TRI,3,B,3,UNNA REGULAR,102,54,"4,939,259","493,934.92","4,445,324",Feb-28,17%,17%,OPEN,MEMO TERM,YELLOW TAG
B012L007,SOMA1,GEN TRI,3,B,3,UNNA REGULAR,102,54,"4,939,259","493,934.92","4,445,324",Feb-28,17%,17%,OPEN,MEMO TERM,YELLOW TAG
B012L008,SOMA1,GEN TRI,3,B,3,UNNA REGULAR,102,54,"4,939,259","493,934.92","4,445,324",Feb-28,17%,17%,OPEN,MEMO TERM,YELLOW TAG
B012L009,SOMA1,GEN TRI,3,B,3,UNNA REGULAR,102,54,"4,939,259","493,934.92","4,445,324",Feb-28,0%,0%,OPEN,MEMO TERM,YELLOW TAG
B012L010,SOMA1,GEN TRI,3,B,3,UNNA REGULAR,114,54,"5,212,323","521,241.73","4,691,081",Feb-28,0%,0%,OPEN,MEMO TERM,YELLOW TAG
B012L011,SOMA1,GEN TRI,3,B,3,UNNA REGULAR,113,54,"5,189,584.00","518,966.16","4,670,617.84",Jan-28,0%,0%,OPEN,MEMO TERM,YELLOW TAG
B012L012,SOMA1,GEN TRI,3,B,3,UNNA REGULAR,108,54,"5,075,791.00","507,588.33","4,568,202.67",Jan-28,0%,0%,OPEN,MEMO TERM,YELLOW TAG
B009L014,NOMA1,PANDI EXPANSION,4,A,4,CALISTA END,104,40,"4,335,014.00",-,"4,335,014.00",May-27,0%,0%,OPEN,MEMO TERM,YELLOW TAG
B009L015,NOMA1,PANDI EXPANSION,4,A,4,CALISTA END,105,40,"4,364,260.00",-,"4,364,260.00",Apr-27,0%,0%,OPEN,MEMO TERM,YELLOW TAG
B002L013,NOMA1,BALIWAG,3,C,1,UNNA CORNER,156,54,"7,326,229.16","732,624.55","6,593,604.61",Apr-27,12%,12%,OPEN,MEMO TERM,YELLOW TAG
B008L001,NOMA1,BALIWAG,3,C,1,UNNA CORNER,149,54,"7,061,504.67","706,157.64","6,355,347.03",Mar-27,3%,3%,OPEN,MEMO TERM,YELLOW TAG
B009L001,NOMA1,BALIWAG,3,C,1,UNNA CORNER,142,54,"7,002,828.12","700,288.73","6,302,539.39",Mar-27,12%,12%,OPEN,MEMO TERM,YELLOW TAG
B048L005,NOMA1,BALIWAG,2,C,1,UNNA CORNER,136,54,"6,261,454.79","626,148.73","5,635,306.06",Mar-27,0%,0%,OPEN,MEMO TERM,YELLOW TAG
B042L001,SOMA1,IMPRESSIONS GEN TRI,1,,4,CALISTA END CORNER,150,40,"6,132,921.47","613,298.73","5,519,622.74",Jul-28,0%,0%,OPEN,MEMO TERM,YELLOW TAG
B042L006,SOMA1,IMPRESSIONS GEN TRI,1,,4,CALISTA END CORNER,158,40,"6,368,785","636,887.67","5,731,897",Jul-28,0%,0%,OPEN,MEMO TERM,YELLOW TAG
B042L007,SOMA1,IMPRESSIONS GEN TRI,1,,4,CALISTA END,114,40,"5,272,744","527,276.11","4,745,468",Jul-28,0%,0%,OPEN,MEMO TERM,YELLOW TAG
B042L023,SOMA1,IMPRESSIONS GEN TRI,1,,4,CALISTA END CORNER,169,40,"6,693,210","669,322.47","6,023,887",Aug-28,0%,0%,OPEN,MEMO TERM,YELLOW TAG
B042L058,SOMA1,IMPRESSIONS GEN TRI,1,,4,CALISTA END,150,40,"6,265,663","626,567.51","5,639,096",Sep-28,0%,0%,OPEN,MEMO TERM,YELLOW TAG
B042L062,SOMA1,IMPRESSIONS GEN TRI,1,,4,CALISTA END,145,40,"6,113,733.19","611,382.13","5,502,351.06",Sep-28,0%,0%,OPEN,MEMO TERM,YELLOW TAG
B042L112,SOMA1,IMPRESSIONS GEN TRI,1,,4,CALISTA END,122,40,"5,257,562","525,756.67","4,731,806",Jul-28,0%,0%,OPEN,MEMO TERM,YELLOW TAG
B043L010,SOMA1,IMPRESSIONS GEN TRI,1,,4,CALISTA END,119,40,"5,117,355.90","511,741.70","4,605,614.20",Sep-28,0%,0%,OPEN,MEMO TERM,YELLOW TAG
B043L020,SOMA1,IMPRESSIONS GEN TRI,1,,4,CALISTA END,120,40,"5,146,601.13","514,660.84","4,631,940.30",Sep-28,0%,0%,OPEN,MEMO TERM,YELLOW TAG
B044L037,SOMA1,NAIC,2,A,B5,CALISTA MID,50,40,"2,344,613.00",-,"2,344,613.00",Mar-27,12%,12%,OPEN,MEMO TERM,YELLOW TAG
B021L003,SOMA1,NAIC,1,B,B1,CALISTA MID,44,40,"2,218,570.00",-,"2,218,570.00",Aug-28,67%,60%,OPEN,RSBS WITHIN THE MONTH,RED TAG
B007L003,NOMA1,BALIWAG EXPANSION,5,,B3,Calista Mid,44,40,"2,506,224.00",-,"2,506,224.00",Apr-28,0%,0%,OPEN,MEMO TERM,YELLOW TAG
B007L004,NOMA1,BALIWAG EXPANSION,5,,B3,Calista Mid,44,40,"2,506,224.00",-,"2,506,224.00",Apr-28,0%,0%,OPEN,MEMO TERM,YELLOW TAG
B007L005,NOMA1,BALIWAG EXPANSION,5,,B3,Calista Mid,44,40,"2,506,224.00",-,"2,506,224.00",Apr-28,0%,0%,OPEN,MEMO TERM,YELLOW TAG
B007L006,NOMA1,BALIWAG EXPANSION,5,,B3,Calista Mid,44,40,"2,506,224.00",-,"2,506,224.00",Apr-28,0%,0%,OPEN,MEMO TERM,YELLOW TAG
B007L007,NOMA1,BALIWAG EXPANSION,5,,B3,Calista Mid,44,40,"2,506,224.00",-,"2,506,224.00",Apr-28,0%,0%,OPEN,MEMO TERM,YELLOW TAG
B007L008,NOMA1,BALIWAG EXPANSION,5,,B3,Calista Mid,44,40,"2,506,224.00",-,"2,506,224.00",Apr-28,0%,0%,OPEN,MEMO TERM,YELLOW TAG
B007L009,NOMA1,BALIWAG EXPANSION,5,,B3,Calista Mid,44,40,"2,506,224.00",-,"2,506,224.00",Apr-28,0%,0%,OPEN,MEMO TERM,YELLOW TAG
B007L012,NOMA1,BALIWAG EXPANSION,5,,B3,Calista Mid,44,40,"2,506,224.00",-,"2,506,224.00",Apr-28,0%,0%,OPEN,MEMO TERM,YELLOW TAG
B007L013,NOMA1,BALIWAG EXPANSION,5,,B3,Calista Mid,44,40,"2,506,224.00",-,"2,506,224.00",Apr-28,0%,0%,OPEN,MEMO TERM,YELLOW TAG
B007L014,NOMA1,BALIWAG EXPANSION,5,,B3,Calista Mid,44,40,"2,506,224.00",-,"2,506,224.00",Apr-28,0%,0%,OPEN,MEMO TERM,YELLOW TAG
B007L015,NOMA1,BALIWAG EXPANSION,5,,B3,Calista Mid,44,40,"2,506,224.00",-,"2,506,224.00",Apr-28,0%,0%,OPEN,MEMO TERM,YELLOW TAG
B007L016,NOMA1,BALIWAG EXPANSION,5,,B3,Calista Mid,44,40,"2,506,224.00",-,"2,506,224.00",Apr-28,0%,0%,OPEN,MEMO TERM,YELLOW TAG
B007L017,NOMA1,BALIWAG EXPANSION,5,,B3,Calista Mid,44,40,"2,506,224.00",-,"2,506,224.00",Apr-28,0%,0%,OPEN,MEMO TERM,YELLOW TAG
B007L018,NOMA1,BALIWAG EXPANSION,5,,B3,Calista Mid,44,40,"2,506,224.00",-,"2,506,224.00",Apr-28,0%,0%,OPEN,MEMO TERM,YELLOW TAG
B007L019,NOMA1,BALIWAG EXPANSION,5,,B3,Calista Mid,44,40,"2,506,224.00",-,"2,506,224.00",Apr-28,0%,0%,OPEN,MEMO TERM,YELLOW TAG
B007L026,NOMA1,BALIWAG EXPANSION,5,,B3,Calista Mid,44,40,"2,506,224.00",-,"2,506,224.00",Aug-27,0%,0%,OPEN,MEMO TERM,YELLOW TAG
B007L027,NOMA1,BALIWAG EXPANSION,5,,B3,Calista Mid,44,40,"2,506,224.00",-,"2,506,224.00",Aug-27,0%,0%,OPEN,MEMO TERM,YELLOW TAG
B007L032,NOMA1,BALIWAG EXPANSION,5,,B3,Calista Mid,44,40,"2,506,224.00",-,"2,506,224.00",Aug-27,0%,0%,OPEN,MEMO TERM,YELLOW TAG
B007L033,NOMA1,BALIWAG EXPANSION,5,,B3,Calista Mid,44,40,"2,506,224.00",-,"2,506,224.00",Aug-27,0%,0%,OPEN,MEMO TERM,YELLOW TAG
B007L034,NOMA1,BALIWAG EXPANSION,5,,B3,Calista Mid,44,40,"2,506,224.00",-,"2,506,224.00",Aug-27,0%,0%,OPEN,MEMO TERM,YELLOW TAG
B007L035,NOMA1,BALIWAG EXPANSION,5,,B3,Calista Mid,44,40,"2,506,224.00",-,"2,506,224.00",Aug-27,0%,0%,OPEN,MEMO TERM,YELLOW TAG
B007L036,NOMA1,BALIWAG EXPANSION,5,,B3,Calista Mid,44,40,"2,506,224.00",-,"2,506,224.00",Aug-27,0%,0%,OPEN,MEMO TERM,YELLOW TAG
B007L040,NOMA1,BALIWAG EXPANSION,5,,B3,Calista Mid,44,40,"2,506,224.00",-,"2,506,224.00",Sep-27,0%,0%,OPEN,MEMO TERM,YELLOW TAG
B007L044,NOMA1,BALIWAG EXPANSION,5,,B3,Calista End Corner,117,40,"4,828,495.00",-,"4,828,495.00",Sep-27,0%,0%,OPEN,MEMO TERM,YELLOW TAG
B007L045,NOMA1,BALIWAG EXPANSION,5,,B3,Calista End Corner,120,40,"4,916,486.00",-,"4,916,486.00",Sep-27,0%,0%,OPEN,MEMO TERM,YELLOW TAG
B007L053,NOMA1,BALIWAG EXPANSION,5,,B3,Calista Mid,44,40,"2,506,224.00",-,"2,506,224.00",Aug-27,0%,0%,OPEN,MEMO TERM,YELLOW TAG
B007L054,NOMA1,BALIWAG EXPANSION,5,,B3,Calista Mid,44,40,"2,506,224.00",-,"2,506,224.00",Aug-27,0%,0%,OPEN,MEMO TERM,YELLOW TAG
B007L055,NOMA1,BALIWAG EXPANSION,5,,B3,Calista Mid,44,40,"2,506,224.00",-,"2,506,224.00",Aug-27,0%,0%,OPEN,MEMO TERM,YELLOW TAG
B007L056,NOMA1,BALIWAG EXPANSION,5,,B3,Calista Mid,44,40,"2,506,224.00",-,"2,506,224.00",Aug-27,0%,0%,OPEN,MEMO TERM,YELLOW TAG
B007L059,NOMA1,BALIWAG EXPANSION,5,,B3,Calista Mid,44,40,"2,506,224.00",-,"2,506,224.00",Aug-27,0%,0%,OPEN,MEMO TERM,YELLOW TAG
B007L062,NOMA1,BALIWAG EXPANSION,5,,B3,Calista Mid,44,40,"2,506,224.00",-,"2,506,224.00",Aug-27,0%,0%,OPEN,MEMO TERM,YELLOW TAG
B007L063,NOMA1,BALIWAG EXPANSION,5,,B3,Calista Mid,44,40,"2,506,224.00",-,"2,506,224.00",Aug-27,0%,0%,OPEN,MEMO TERM,YELLOW TAG
B007L064,NOMA1,BALIWAG EXPANSION,5,,B3,Calista Mid,44,40,"2,506,224.00",-,"2,506,224.00",Aug-27,0%,0%,OPEN,MEMO TERM,YELLOW TAG
B007L066,NOMA1,BALIWAG EXPANSION,5,,B3,Calista Mid,44,40,"2,506,224.00",-,"2,506,224.00",Aug-27,0%,0%,OPEN,MEMO TERM,YELLOW TAG
B007L072,NOMA1,BALIWAG EXPANSION,5,,B3,Calista Mid,44,40,"2,506,224.00",-,"2,506,224.00",Apr-28,0%,0%,OPEN,MEMO TERM,YELLOW TAG
B007L073,NOMA1,BALIWAG EXPANSION,5,,B3,Calista Mid,44,40,"2,506,224.00",-,"2,506,224.00",Apr-28,0%,0%,OPEN,MEMO TERM,YELLOW TAG
B007L074,NOMA1,BALIWAG EXPANSION,5,,B3,Calista Mid,44,40,"2,506,224.00",-,"2,506,224.00",Apr-28,0%,0%,OPEN,MEMO TERM,YELLOW TAG
B007L075,NOMA1,BALIWAG EXPANSION,5,,B3,Calista Mid,44,40,"2,506,224.00",-,"2,506,224.00",Apr-28,0%,0%,OPEN,MEMO TERM,YELLOW TAG
B007L076,NOMA1,BALIWAG EXPANSION,5,,B3,Calista Mid,44,40,"2,506,224.00",-,"2,506,224.00",Apr-28,0%,0%,OPEN,MEMO TERM,YELLOW TAG
B007L077,NOMA1,BALIWAG EXPANSION,5,,B3,Calista Mid,44,40,"2,506,224.00",-,"2,506,224.00",Apr-28,0%,0%,OPEN,MEMO TERM,YELLOW TAG
B007L078,NOMA1,BALIWAG EXPANSION,5,,B3,Calista Mid,44,40,"2,506,224.00",-,"2,506,224.00",Apr-28,0%,0%,OPEN,MEMO TERM,YELLOW TAG
B007L079,NOMA1,BALIWAG EXPANSION,5,,B3,Calista Mid,44,40,"2,506,224.00",-,"2,506,224.00",Apr-28,0%,0%,OPEN,MEMO TERM,YELLOW TAG
B007L082,NOMA1,BALIWAG EXPANSION,5,,B3,Calista Mid,44,40,"2,506,224.00",-,"2,506,224.00",Apr-28,0%,0%,OPEN,MEMO TERM,YELLOW TAG
B007L083,NOMA1,BALIWAG EXPANSION,5,,B3,Calista Mid,44,40,"2,506,224.00",-,"2,506,224.00",Apr-28,0%,0%,OPEN,MEMO TERM,YELLOW TAG
B007L084,NOMA1,BALIWAG EXPANSION,5,,B3,Calista Mid,44,40,"2,506,224.00",-,"2,506,224.00",Apr-28,0%,0%,OPEN,MEMO TERM,YELLOW TAG
B007L085,NOMA1,BALIWAG EXPANSION,5,,B3,Calista Mid,44,40,"2,506,224.00",-,"2,506,224.00",Apr-28,0%,0%,OPEN,MEMO TERM,YELLOW TAG
B007L086,NOMA1,BALIWAG EXPANSION,5,,B3,Calista Mid,44,40,"2,506,224.00",-,"2,506,224.00",Apr-28,0%,0%,OPEN,MEMO TERM,YELLOW TAG
B007L087,NOMA1,BALIWAG EXPANSION,5,,B3,Calista Mid,44,40,"2,506,224.00",-,"2,506,224.00",Apr-28,0%,0%,OPEN,MEMO TERM,YELLOW TAG
B007L088,NOMA1,BALIWAG EXPANSION,5,,B3,Calista Mid,44,40,"2,506,224.00",-,"2,506,224.00",Apr-28,0%,0%,OPEN,MEMO TERM,YELLOW TAG
B007L089,NOMA1,BALIWAG EXPANSION,5,,B3,Calista Mid,44,40,"2,506,224.00",-,"2,506,224.00",Apr-28,0%,0%,OPEN,MEMO TERM,YELLOW TAG
B009L001,NOMA1,BALIWAG EXPANSION,5,,B3,Calista End Corner,125,40,"5,013,412.00",-,"5,013,412.00",May-28,0%,0%,OPEN,MEMO TERM,YELLOW TAG
B009L005,NOMA1,BALIWAG EXPANSION,5,,B3,Calista Mid,48,40,"2,597,286.00",-,"2,597,286.00",May-28,0%,0%,OPEN,MEMO TERM,YELLOW TAG
B009L006,NOMA1,BALIWAG EXPANSION,5,,B3,CALISTA END,66,40,"3,299,878.00",-,"3,299,878.00",May-28,0%,0%,OPEN,MEMO TERM,YELLOW TAG
B009L010,NOMA1,BALIWAG EXPANSION,5,,B3,Calista Mid,48,40,"2,597,286.00",-,"2,597,286.00",May-28,0%,0%,OPEN,MEMO TERM,YELLOW TAG
B009L011,NOMA1,BALIWAG EXPANSION,5,,B3,Calista Mid,48,40,"2,597,286.00",-,"2,597,286.00",May-28,0%,0%,OPEN,MEMO TERM,YELLOW TAG
B009L012,NOMA1,BALIWAG EXPANSION,5,,B3,Calista Mid,48,40,"2,597,286.00",-,"2,597,286.00",May-28,0%,0%,OPEN,MEMO TERM,YELLOW TAG
B009L013,NOMA1,BALIWAG EXPANSION,5,,B3,Calista Mid,48,40,"2,597,286.00",-,"2,597,286.00",May-28,0%,0%,OPEN,MEMO TERM,YELLOW TAG
B009L014,NOMA1,BALIWAG EXPANSION,5,,B3,Calista Mid,48,40,"2,597,286.00",-,"2,597,286.00",May-28,0%,0%,OPEN,MEMO TERM,YELLOW TAG
B009L017,NOMA1,BALIWAG EXPANSION,5,,B3,Calista End,66,40,"3,299,878.00",-,"3,299,878.00",May-28,0%,0%,OPEN,MEMO TERM,YELLOW TAG
B009L018,NOMA1,BALIWAG EXPANSION,5,,B3,Calista Mid,48,40,"2,597,286.00",-,"2,597,286.00",May-28,0%,0%,OPEN,MEMO TERM,YELLOW TAG
B009L019,NOMA1,BALIWAG EXPANSION,5,,B3,Calista Mid,48,40,"2,597,286.00",-,"2,597,286.00",May-28,0%,0%,OPEN,MEMO TERM,YELLOW TAG
B009L020,NOMA1,BALIWAG EXPANSION,5,,B3,Calista Mid,48,40,"2,597,286.00",-,"2,597,286.00",May-28,0%,0%,OPEN,MEMO TERM,YELLOW TAG
B009L021,NOMA1,BALIWAG EXPANSION,5,,B3,Calista Mid,48,40,"2,597,286.00",-,"2,597,286.00",May-28,0%,0%,OPEN,MEMO TERM,YELLOW TAG
B009L022,NOMA1,BALIWAG EXPANSION,5,,B3,Calista Mid,48,40,"2,597,286.00",-,"2,597,286.00",May-28,0%,0%,OPEN,MEMO TERM,YELLOW TAG
B009L023,NOMA1,BALIWAG EXPANSION,5,,B3,Calista Mid,48,40,"2,597,286.00",-,"2,597,286.00",May-28,0%,0%,OPEN,MEMO TERM,YELLOW TAG
B009L024,NOMA1,BALIWAG EXPANSION,5,,B3,Calista Mid,48,40,"2,597,286.00",-,"2,597,286.00",May-28,0%,0%,OPEN,MEMO TERM,YELLOW TAG
B009L025,NOMA1,BALIWAG EXPANSION,5,,B3,Calista Mid,48,40,"2,597,286.00",-,"2,597,286.00",May-28,0%,0%,OPEN,MEMO TERM,YELLOW TAG
B009L026,NOMA1,BALIWAG EXPANSION,5,,B3,Calista End,66,40,"3,299,878.00",-,"3,299,878.00",May-28,0%,0%,OPEN,MEMO TERM,YELLOW TAG
B009L032,NOMA1,BALIWAG EXPANSION,5,,B3,Calista Mid,48,40,"2,597,286.00",-,"2,597,286.00",Sep-27,0%,0%,OPEN,MEMO TERM,YELLOW TAG
B009L033,NOMA1,BALIWAG EXPANSION,5,,B3,Calista Mid,48,40,"2,597,286.00",-,"2,597,286.00",Sep-27,0%,0%,OPEN,MEMO TERM,YELLOW TAG
B009L034,NOMA1,BALIWAG EXPANSION,5,,B3,Calista Mid,48,40,"2,597,286.00",-,"2,597,286.00",Sep-27,0%,0%,OPEN,MEMO TERM,YELLOW TAG
B009L035,NOMA1,BALIWAG EXPANSION,5,,B3,Calista Mid,48,40,"2,597,286.00",-,"2,597,286.00",Sep-27,0%,0%,OPEN,MEMO TERM,YELLOW TAG
B009L039,NOMA1,BALIWAG EXPANSION,5,,B3,Calista Mid,48,40,"2,597,286.00",-,"2,597,286.00",Sep-27,0%,0%,OPEN,MEMO TERM,YELLOW TAG
B009L040,NOMA1,BALIWAG EXPANSION,5,,B3,Calista Mid,48,40,"2,597,286.00",-,"2,597,286.00",Sep-27,0%,0%,OPEN,MEMO TERM,YELLOW TAG
B009L041,NOMA1,BALIWAG EXPANSION,5,,B3,Calista Mid,48,40,"2,597,286.00",-,"2,597,286.00",Sep-27,0%,0%,OPEN,MEMO TERM,YELLOW TAG
B009L042,NOMA1,BALIWAG EXPANSION,5,,B3,Calista Mid,48,40,"2,597,286.00",-,"2,597,286.00",Sep-27,0%,0%,OPEN,MEMO TERM,YELLOW TAG
B009L043,NOMA1,BALIWAG EXPANSION,5,,B3,Calista Mid,48,40,"2,597,286.00",-,"2,597,286.00",Sep-27,0%,0%,OPEN,MEMO TERM,YELLOW TAG
B009L044,NOMA1,BALIWAG EXPANSION,5,,B3,Calista Mid,48,40,"2,597,286.00",-,"2,597,286.00",Sep-27,0%,0%,OPEN,MEMO TERM,YELLOW TAG
B009L045,NOMA1,BALIWAG EXPANSION,5,,B3,Calista Mid,48,40,"2,597,286.00",-,"2,597,286.00",Sep-27,0%,0%,OPEN,MEMO TERM,YELLOW TAG
B009L048,NOMA1,BALIWAG EXPANSION,5,,B3,Calista Mid,48,40,"2,597,286.00",-,"2,597,286.00",Sep-27,0%,0%,OPEN,MEMO TERM,YELLOW TAG
B009L049,NOMA1,BALIWAG EXPANSION,5,,B3,Calista Mid,48,40,"2,597,286.00",-,"2,597,286.00",Sep-27,0%,0%,OPEN,MEMO TERM,YELLOW TAG
B009L050,NOMA1,BALIWAG EXPANSION,5,,B3,Calista Mid,48,40,"2,597,286.00",-,"2,597,286.00",Sep-27,0%,0%,OPEN,MEMO TERM,YELLOW TAG
B009L051,NOMA1,BALIWAG EXPANSION,5,,B3,Calista Mid,48,40,"2,597,286.00",-,"2,597,286.00",Sep-27,0%,0%,OPEN,MEMO TERM,YELLOW TAG
B009L052,NOMA1,BALIWAG EXPANSION,5,,B3,Calista Mid,48,40,"2,597,286.00",-,"2,597,286.00",Sep-27,0%,0%,OPEN,MEMO TERM,YELLOW TAG
B009L053,NOMA1,BALIWAG EXPANSION,5,,B3,Calista Mid,48,40,"2,597,286.00",-,"2,597,286.00",Sep-27,0%,0%,OPEN,MEMO TERM,YELLOW TAG
B009L054,NOMA1,BALIWAG EXPANSION,5,,B3,Calista Mid,48,40,"2,597,286.00",-,"2,597,286.00",Sep-27,0%,0%,OPEN,MEMO TERM,YELLOW TAG
B001L016,NOMA1,PANDI EXPANSION,4,B,5,CALISTA MID,48,40,"2,717,385.00",-,"2,717,385.00",Aug-27,0%,0%,OPEN,MEMO TERM,YELLOW TAG
B001L017,NOMA1,PANDI EXPANSION,4,B,5,CALISTA MID,48,40,"2,717,385.00",-,"2,717,385.00",Aug-27,0%,0%,OPEN,MEMO TERM,YELLOW TAG
B001L018,NOMA1,PANDI EXPANSION,4,B,5,CALISTA MID,48,40,"2,717,385.00",-,"2,717,385.00",Aug-27,0%,0%,OPEN,MEMO TERM,YELLOW TAG
B001L019,NOMA1,PANDI EXPANSION,4,B,5,CALISTA MID,48,40,"2,717,385.00",-,"2,717,385.00",Aug-27,0%,0%,OPEN,MEMO TERM,YELLOW TAG
B001L020,NOMA1,PANDI EXPANSION,4,B,5,CALISTA MID,48,40,"2,717,385.00",-,"2,717,385.00",Aug-27,0%,0%,OPEN,MEMO TERM,YELLOW TAG
B001L023,NOMA1,PANDI EXPANSION,4,B,5,CALISTA END,66,40,"3,458,949.00",-,"3,458,949.00",Aug-27,0%,0%,OPEN,MEMO TERM,YELLOW TAG
B001L024,NOMA1,PANDI EXPANSION,4,B,5,CALISTA END,66,40,"3,458,949.00",-,"3,458,949.00",Aug-27,0%,0%,OPEN,MEMO TERM,YELLOW TAG
B001L027,NOMA1,PANDI EXPANSION,4,B,5,CALISTA END,90,40,"4,332,401.00",-,"4,332,401.00",Aug-27,0%,0%,OPEN,MEMO TERM,YELLOW TAG
B001L036,NOMA1,PANDI EXPANSION,4,B,5,CALISTA END,93,40,"4,012,509.00",-,"4,012,509.00",Jul-27,0%,0%,OPEN,MEMO TERM,YELLOW TAG
B001L043,NOMA1,PANDI EXPANSION,4,B,5,CALISTA END,130,40,"5,097,207.00",-,"5,097,207.00",Jul-27,0%,0%,OPEN,MEMO TERM,YELLOW TAG
B003L004,NOMA1,PANDI EXPANSION,4,B,5,CALISTA END CORNER,131,40,"5,330,481.00",-,"5,330,481.00",Aug-27,0%,0%,OPEN,MEMO TERM,YELLOW TAG
B004L004,NOMA1,PANDI EXPANSION,4,B,5,CALISTA MID,48,40,"2,551,615.00",-,"2,551,615.00",Jul-27,0%,0%,OPEN,MEMO TERM,YELLOW TAG
B004L005,NOMA1,PANDI EXPANSION,4,B,5,CALISTA MID,48,40,"2,551,615.00",-,"2,551,615.00",Jul-27,0%,0%,OPEN,MEMO TERM,YELLOW TAG
B004L008,NOMA1,PANDI EXPANSION,4,B,5,CALISTA MID,48,40,"2,551,615.00",-,"2,551,615.00",Aug-27,0%,0%,OPEN,MEMO TERM,YELLOW TAG
B004L009,NOMA1,PANDI EXPANSION,4,B,5,CALISTA MID,48,40,"2,551,615.00",-,"2,551,615.00",Aug-27,0%,0%,OPEN,MEMO TERM,YELLOW TAG
B004L012,NOMA1,PANDI EXPANSION,4,B,5,CALISTA END CORNER,105,40,"4,407,538.00",-,"4,407,538.00",Aug-27,0%,0%,OPEN,MEMO TERM,YELLOW TAG
B001L002,SOMA1,GEN TRI,3,B,4,UNNA CORNER,141,54,"6,077,000.00","607,703.54","5,469,296.46",Jun-28,0%,0%,OPEN,MEMO TERM,YELLOW TAG
B001L004,SOMA1,GEN TRI,3,B,4,UNNA REGULAR,104,54,"5,031,418","503,144.80","4,528,273",Jun-28,0%,0%,OPEN,MEMO TERM,YELLOW TAG
B001L005,SOMA1,GEN TRI,3,B,4,UNNA REGULAR,104,54,"5,031,418","503,144.80","4,528,273",Jun-28,0%,0%,OPEN,MEMO TERM,YELLOW TAG
B001L006,SOMA1,GEN TRI,3,B,4,UNNA REGULAR,117,54,"5,330,001","533,003.65","4,796,997",Jun-28,0%,0%,OPEN,MEMO TERM,YELLOW TAG
B001L026,SOMA1,GEN TRI,3,B,4,UNNA CORNER,149,54,"5,867,600","586,767.87","5,280,832",Apr-28,0%,0%,OPEN,MEMO TERM,YELLOW TAG
B001L027,SOMA1,GEN TRI,3,B,4,UNNA REGULAR,100,54,"4,619,356.00","461,941.70","4,157,414.30",Apr-28,0%,0%,OPEN,MEMO TERM,YELLOW TAG
B001L028,SOMA1,GEN TRI,3,B,4,UNNA REGULAR,100,54,"4,619,356.00","461,941.70","4,157,414.30",Apr-28,0%,0%,OPEN,MEMO TERM,YELLOW TAG
B001L030,SOMA1,GEN TRI,3,B,4,UNNA REGULAR,100,54,"4,710,831.00","471,089.06","4,239,741.94",May-28,0%,0%,OPEN,MEMO TERM,YELLOW TAG
B001L031,SOMA1,GEN TRI,3,B,4,UNNA REGULAR,100,54,"4,710,831.00","471,089.06","4,239,741.94",May-28,0%,0%,OPEN,MEMO TERM,YELLOW TAG
B001L032,SOMA1,GEN TRI,3,B,4,UNNA REGULAR,100,54,"4,710,831.00","471,089.06","4,239,741.94",May-28,0%,0%,OPEN,MEMO TERM,YELLOW TAG
B001L033,SOMA1,GEN TRI,3,B,4,UNNA REGULAR,100,54,"4,710,831.00","471,089.06","4,239,741.94",May-28,0%,0%,OPEN,MEMO TERM,YELLOW TAG
B001L034,SOMA1,GEN TRI,3,B,4,UNNA REGULAR,100,54,"4,710,831.00","471,089.06","4,239,741.94",May-28,0%,0%,OPEN,MEMO TERM,YELLOW TAG
B001L035,SOMA1,GEN TRI,3,B,4,UNNA REGULAR,100,54,"4,710,831.00","471,089.06","4,239,741.94",May-28,0%,0%,OPEN,MEMO TERM,YELLOW TAG
B001L036,SOMA1,GEN TRI,3,B,4,UNNA REGULAR,100,54,"4,710,831.00","471,089.06","4,239,741.94",May-28,0%,0%,OPEN,MEMO TERM,YELLOW TAG
B001L037,SOMA1,GEN TRI,3,B,4,UNNA CORNER,149,54,"5,979,928.00","597,999.40","5,381,928.60",May-28,0%,0%,OPEN,MEMO TERM,YELLOW TAG
B002L001,SOMA1,GEN TRI,3,B,4,UNNA CORNER,132,54,"5,870,266.00","587,032.02","5,283,233.98",May-28,0%,0%,OPEN,MEMO TERM,YELLOW TAG
B002L002,SOMA1,GEN TRI,3,B,4,UNNA REGULAR,106,54,"5,077,292.00","507,738.47","4,569,553.53",May-28,0%,0%,OPEN,MEMO TERM,YELLOW TAG
B002L003,SOMA1,GEN TRI,3,B,4,UNNA REGULAR,106,54,"5,077,292.00","507,738.47","4,569,553.53",May-28,0%,0%,OPEN,MEMO TERM,YELLOW TAG
B002L004,SOMA1,GEN TRI,3,B,4,UNNA REGULAR,94,54,"4,801,747.00","480,176.46","4,321,570.54",Jun-28,0%,0%,OPEN,MEMO TERM,YELLOW TAG
B002L006,SOMA1,GEN TRI,3,B,4,UNNA REGULAR,94,54,"4,801,747.00","480,176.46","4,321,570.54",Jun-28,0%,0%,OPEN,MEMO TERM,YELLOW TAG
B002L007,SOMA1,GEN TRI,3,B,4,UNNA REGULAR,94,54,"4,801,747","480,176.46","4,321,571",Jun-28,0%,0%,OPEN,MEMO TERM,YELLOW TAG
B002L008,SOMA1,GEN TRI,3,B,4,UNNA REGULAR,94,54,"4,801,747","480,176.46","4,321,571",Jun-28,0%,0%,OPEN,MEMO TERM,YELLOW TAG
B002L009,SOMA1,GEN TRI,3,B,4,UNNA REGULAR,94,54,"4,801,747","480,176.46","4,321,571",Apr-28,0%,0%,OPEN,MEMO TERM,YELLOW TAG
B002L010,SOMA1,GEN TRI,3,B,4,UNNA REGULAR,94,54,"4,801,747","480,176.46","4,321,571",Apr-28,0%,0%,OPEN,MEMO TERM,YELLOW TAG
B002L011,SOMA1,GEN TRI,3,B,4,UNNA REGULAR,94,54,"4,801,747","480,176.46","4,321,571",Apr-28,0%,0%,OPEN,MEMO TERM,YELLOW TAG
B002L013,SOMA1,GEN TRI,3,B,4,UNNA CORNER,128,54,"5,519,890","551,998.91","4,967,891",Apr-28,0%,0%,OPEN,MEMO TERM,YELLOW TAG
B002L014,SOMA1,GEN TRI,3,B,4,UNNA REGULAR,94,54,"4,579,363","457,946.07","4,121,417",Apr-28,0%,0%,OPEN,MEMO TERM,YELLOW TAG
B002L015,SOMA1,GEN TRI,3,B,4,UNNA REGULAR,94,54,"4,579,363","457,946.07","4,121,417",Apr-28,0%,0%,OPEN,MEMO TERM,YELLOW TAG
B002L016,SOMA1,GEN TRI,3,B,4,UNNA REGULAR,94,54,"4,579,363","457,946.07","4,121,417",May-28,0%,0%,OPEN,MEMO TERM,YELLOW TAG
B002L017,SOMA1,GEN TRI,3,B,4,UNNA REGULAR,94,54,"4,579,363","457,946.07","4,121,417",May-28,0%,0%,OPEN,MEMO TERM,YELLOW TAG
B002L018,SOMA1,GEN TRI,3,B,4,UNNA REGULAR,94,54,"4,579,363","457,946.07","4,121,417",May-28,0%,0%,OPEN,MEMO TERM,YELLOW TAG
B002L019,SOMA1,GEN TRI,3,B,4,UNNA REGULAR,94,54,"4,579,363","457,946.07","4,121,417",May-28,0%,0%,OPEN,MEMO TERM,YELLOW TAG
B002L022,SOMA1,GEN TRI,3,B,4,UNNA REGULAR,94,54,"4,579,363","457,946.07","4,121,417",Jun-28,0%,0%,OPEN,MEMO TERM,YELLOW TAG
B002L024,SOMA1,GEN TRI,3,B,4,UNNA CORNER,128,54,"5,519,890","551,998.91","4,967,891",Jun-28,0%,0%,OPEN,MEMO TERM,YELLOW TAG
B003L002,SOMA1,GEN TRI,3,B,4,UNNA REGULAR,102,54,"4,662,351","466,237.63","4,196,113",May-28,0%,0%,OPEN,MEMO TERM,YELLOW TAG
B003L003,SOMA1,GEN TRI,3,B,4,UNNA REGULAR,102,54,"4,662,351","466,237.63","4,196,113",May-28,0%,0%,OPEN,MEMO TERM,YELLOW TAG
B003L004,SOMA1,GEN TRI,3,B,4,UNNA REGULAR,118,54,"5,006,014","500,605.09","4,505,409",May-28,0%,0%,OPEN,MEMO TERM,YELLOW TAG
B005L002,SOMA1,GEN TRI,3,B,4,UNNA CORNER,141,54,"6,077,000","607,703.54","5,469,296",Mar-28,0%,0%,OPEN,MEMO TERM,YELLOW TAG
B005L003,SOMA1,GEN TRI,3,B,4,UNNA REGULAR,104,54,"5,031,418","503,144.80","4,528,273",Mar-28,0%,0%,OPEN,MEMO TERM,YELLOW TAG
B005L005,SOMA1,GEN TRI,3,B,4,UNNA REGULAR,104,54,"5,031,418","503,144.80","4,528,273",Mar-28,0%,0%,OPEN,MEMO TERM,YELLOW TAG
B005L006,SOMA1,GEN TRI,3,B,4,UNNA REGULAR,117,54,"5,330,001","533,003.65","4,796,997",Mar-28,0%,0%,OPEN,MEMO TERM,YELLOW TAG
B005L007,SOMA1,GEN TRI,3,B,4,UNNA REGULAR,113,54,"5,141,116","514,116.01","4,627,000",Mar-28,0%,0%,OPEN,MEMO TERM,YELLOW TAG
B005L009,SOMA1,GEN TRI,3,B,4,UNNA REGULAR,113,54,"4,898,576","489,865.26","4,408,711",Mar-28,0%,0%,OPEN,MEMO TERM,YELLOW TAG
B005L010,SOMA1,GEN TRI,3,B,4,UNNA REGULAR,113,54,"4,898,576.00","489,865.26","4,408,710.74",Mar-28,0%,0%,OPEN,MEMO TERM,YELLOW TAG
B005L012,SOMA1,GEN TRI,3,B,4,UNNA REGULAR,113,54,"4,898,576.00","489,865.26","4,408,710.74",May-28,0%,0%,OPEN,MEMO TERM,YELLOW TAG
B005L013,SOMA1,GEN TRI,3,B,4,UNNA REGULAR,113,54,"4,898,576.00","489,865.26","4,408,710.74",May-28,0%,0%,OPEN,MEMO TERM,YELLOW TAG
B005L014,SOMA1,GEN TRI,3,B,4,UNNA REGULAR,113,54,"5,141,116.00","514,116.01","4,626,999.99",May-28,0%,0%,OPEN,MEMO TERM,YELLOW TAG
B005L015,SOMA1,GEN TRI,3,B,4,UNNA REGULAR,113,54,"5,141,116.00","514,116.01","4,626,999.99",May-28,0%,0%,OPEN,MEMO TERM,YELLOW TAG
B005L016,SOMA1,GEN TRI,3,B,4,UNNA REGULAR,100,54,"4,848,094.00","484,810.10","4,363,283.90",May-28,0%,0%,OPEN,MEMO TERM,YELLOW TAG
B007L001,SOMA1,GEN TRI,3,B,4,UNNA CORNER,139,54,"5,760,881.00","576,094.40","5,184,786.60",Mar-28,0%,0%,OPEN,MEMO TERM,YELLOW TAG
B007L002,SOMA1,GEN TRI,3,B,4,UNNA REGULAR,121,54,"5,170,869.00","517,089.56","4,653,779.44",Mar-28,0%,0%,OPEN,MEMO TERM,YELLOW TAG
B007L003,SOMA1,GEN TRI,3,B,4,UNNA CORNER,133,54,"5,629,513.00","562,951.40","5,066,561.60",Mar-28,0%,0%,OPEN,MEMO TERM,YELLOW TAG
B007L004,SOMA1,GEN TRI,3,B,4,UNNA REGULAR,101,54,"4,732,776.00","473,279.56","4,259,496.44",Mar-28,0%,0%,OPEN,MEMO TERM,YELLOW TAG
B007L005,SOMA1,GEN TRI,3,B,4,UNNA REGULAR,99,54,"4,688,887.00","468,898.56","4,219,988.44",Apr-28,0%,0%,OPEN,MEMO TERM,YELLOW TAG
B007L006,SOMA1,GEN TRI,3,B,4,UNNA REGULAR,99,54,"4,688,887.00","468,898.56","4,219,988.44",Apr-28,0%,0%,OPEN,MEMO TERM,YELLOW TAG
B007L007,SOMA1,GEN TRI,3,B,4,UNNA REGULAR,99,54,"4,688,887.00","468,898.56","4,219,988.44",Apr-28,0%,0%,OPEN,MEMO TERM,YELLOW TAG
B007L008,SOMA1,GEN TRI,3,B,4,UNNA REGULAR,97,54,"4,645,097.00","464,517.56","4,180,579.44",Apr-28,0%,0%,OPEN,MEMO TERM,YELLOW TAG
B007L010,SOMA1,GEN TRI,3,B,4,UNNA REGULAR,99,54,"4,688,887.00","468,898.56","4,219,988.44",Apr-28,0%,0%,OPEN,MEMO TERM,YELLOW TAG
B007L011,SOMA1,GEN TRI,3,B,4,UNNA REGULAR,129,54,"5,242,239.00","524,232.71","4,718,006.29",Apr-28,0%,0%,OPEN,MEMO TERM,YELLOW TAG
B007L012,SOMA1,GEN TRI,3,B,4,UNNA CORNER,177,54,"6,779,593.00","677,967.11","6,101,625.89",Apr-28,0%,0%,OPEN,MEMO TERM,YELLOW TAG
B007L013,SOMA1,GEN TRI,3,B,4,UNNA REGULAR,152,54,"6,020,282.00","602,033.74","5,418,248.26",Apr-28,0%,0%,OPEN,MEMO TERM,YELLOW TAG
B007L014,SOMA1,GEN TRI,3,B,4,UNNA REGULAR,148,54,"6,042,052.00","604,205.53","5,437,846.47",Apr-28,0%,0%,OPEN,MEMO TERM,YELLOW TAG
B007L015,SOMA1,GEN TRI,3,B,4,UNNA CORNER,134,54,"5,916,240.00","591,625.69","5,324,614.31",Apr-28,0%,0%,OPEN,MEMO TERM,YELLOW TAG
B005L019,SOMA1,GEN TRI,3,B,4,UNNA REGULAR,100,54,"4,619,356.00","461,941.70","4,157,414.30",Jun-28,0%,0%,OPEN,MEMO TERM,YELLOW TAG
B005L020,SOMA1,GEN TRI,3,B,4,UNNA REGULAR,167,54,"6,058,550.00","605,855.40","5,452,694.60",Jun-28,0%,0%,OPEN,MEMO TERM,YELLOW TAG
B007L016,SOMA1,GEN TRI,3,B,4,UNNA REGULAR,146,54,"5,718,486.00","571,852.05","5,146,633.95",Jun-28,0%,0%,OPEN,MEMO TERM,YELLOW TAG
B007L017,SOMA1,GEN TRI,3,B,4,UNNA CORNER,146,54,"6,191,785.00","619,187.71","5,572,597.29",Jun-28,0%,0%,OPEN,MEMO TERM,YELLOW TAG
B007L018,SOMA1,GEN TRI,3,B,4,UNNA CORNER,146,54,"5,914,194.00","591,427.90","5,322,766.10",Jun-28,0%,0%,OPEN,MEMO TERM,YELLOW TAG
B007L019,SOMA1,GEN TRI,3,B,4,UNNA REGULAR,142,54,"5,630,807.00","563,090.05","5,067,716.95",Jun-28,0%,0%,OPEN,MEMO TERM,YELLOW TAG
B007L020,SOMA1,GEN TRI,3,B,4,UNNA REGULAR,133,54,"5,433,705.00","543,375.55","4,890,329.45",Jun-28,0%,0%,OPEN,MEMO TERM,YELLOW TAG
B007L021,SOMA1,GEN TRI,3,B,4,UNNA CORNER,145,54,"5,892,349.00","589,237.40","5,303,111.60",Jun-28,0%,0%,OPEN,MEMO TERM,YELLOW TAG
B043L021,SOMA1,IMPRESSIONS GEN TRI,1,,5,CALISTA END,121,40,"5,175,746.36","517,579.97","4,658,166.40",Oct-28,0%,0%,OPEN,MEMO TERM,YELLOW TAG
B043L028,SOMA1,IMPRESSIONS GEN TRI,1,,5,CALISTA END CORNER,178,40,"6,889,511.58","688,951.24","6,200,560.34",Oct-28,0%,0%,OPEN,MEMO TERM,YELLOW TAG
B044L001,SOMA1,IMPRESSIONS GEN TRI,1,,5,CALISTA END CORNER,183,40,"7,105,995.82","710,603.12","6,395,392.70",Oct-28,0%,0%,OPEN,MEMO TERM,YELLOW TAG
B044L015,SOMA1,IMPRESSIONS GEN TRI,1,,5,CALISTA MID,60,40,"2,916,677.60",-,"2,916,677.60",Oct-28,0%,0%,OPEN,MEMO TERM,YELLOW TAG
B044L017,SOMA1,IMPRESSIONS GEN TRI,1,,5,CALISTA MID,60,40,"2,916,677.60",-,"2,916,677.60",Oct-28,0%,0%,OPEN,MEMO TERM,YELLOW TAG
B044L018,SOMA1,IMPRESSIONS GEN TRI,1,,5,CALISTA MID,60,40,"2,916,677.60",-,"2,916,677.60",Oct-28,0%,0%,OPEN,MEMO TERM,YELLOW TAG
B044L020,SOMA1,IMPRESSIONS GEN TRI,1,,5,CALISTA END CORNER,149,40,"6,103,501.04","610,350.11","5,493,150.92",Oct-28,0%,0%,OPEN,MEMO TERM,YELLOW TAG
B044L021,SOMA1,IMPRESSIONS GEN TRI,1,,5,CALISTA END,126,40,"5,375,443.96","537,551.14","4,837,892.82",Nov-28,0%,0%,OPEN,MEMO TERM,YELLOW TAG
B044L025,SOMA1,IMPRESSIONS GEN TRI,1,,5,CALISTA MID,61,40,"2,943,249.42",-,"2,943,249.42",Nov-28,0%,0%,OPEN,MEMO TERM,YELLOW TAG
B044L027,SOMA1,IMPRESSIONS GEN TRI,1,,5,CALISTA MID,62,40,"2,969,721.24",-,"2,969,721.24",Nov-28,0%,0%,OPEN,MEMO TERM,YELLOW TAG
B044L033,SOMA1,IMPRESSIONS GEN TRI,1,,5,CALISTA MID,62,40,"2,969,721.24",-,"2,969,721.24",Nov-28,0%,0%,OPEN,MEMO TERM,YELLOW TAG
B044L034,SOMA1,IMPRESSIONS GEN TRI,1,,5,CALISTA MID,62,40,"2,969,721.24",-,"2,969,721.24",Nov-28,0%,0%,OPEN,MEMO TERM,YELLOW TAG
B044L035,SOMA1,IMPRESSIONS GEN TRI,1,,5,CALISTA MID,62,40,"2,969,721.24",-,"2,969,721.24",Nov-28,0%,0%,OPEN,MEMO TERM,YELLOW TAG
B044L038,SOMA1,IMPRESSIONS GEN TRI,1,,5,CALISTA END CORNER,148,40,"6,073,980.60","607,401.49","5,466,579.11",Nov-28,0%,0%,OPEN,MEMO TERM,YELLOW TAG
B044L039,SOMA1,IMPRESSIONS GEN TRI,1,,5,CALISTA END CORNER,176,40,"6,899,552.78","689,962.80","6,209,589.98",Nov-28,0%,0%,OPEN,MEMO TERM,YELLOW TAG
B044L040,SOMA1,IMPRESSIONS GEN TRI,1,,5,CALISTA MID,68,40,"3,128,952.14",-,"3,128,952.14",Nov-28,0%,0%,OPEN,MEMO TERM,YELLOW TAG
B044L041,SOMA1,IMPRESSIONS GEN TRI,1,,5,CALISTA MID,68,40,"3,128,952.14",-,"3,128,952.14",Nov-28,0%,0%,OPEN,MEMO TERM,YELLOW TAG
B044L042,SOMA1,IMPRESSIONS GEN TRI,1,,5,CALISTA MID,68,40,"3,128,952.14",-,"3,128,952.14",Nov-28,0%,0%,OPEN,MEMO TERM,YELLOW TAG
B044L043,SOMA1,IMPRESSIONS GEN TRI,1,,5,CALISTA MID,68,40,"3,128,952.14",-,"3,128,952.14",Nov-28,0%,0%,OPEN,MEMO TERM,YELLOW TAG
B044L044,SOMA1,IMPRESSIONS GEN TRI,1,,5,CALISTA MID,68,40,"3,128,952.14",-,"3,128,952.14",Nov-28,0%,0%,OPEN,MEMO TERM,YELLOW TAG
B044L045,SOMA1,IMPRESSIONS GEN TRI,1,,5,CALISTA MID,68,40,"3,128,952.14",-,"3,128,952.14",Nov-28,0%,0%,OPEN,MEMO TERM,YELLOW TAG
B044L047,SOMA1,IMPRESSIONS GEN TRI,1,,5,CALISTA END,102,40,"4,667,753.52","466,784.31","4,200,969.21",Nov-28,0%,0%,OPEN,MEMO TERM,YELLOW TAG
B044L048,SOMA1,IMPRESSIONS GEN TRI,1,,5,CALISTA MID,68,40,"3,128,952",-,"3,128,952.14",Nov-28,0%,0%,OPEN,MEMO TERM,YELLOW TAG
B044L049,SOMA1,IMPRESSIONS GEN TRI,1,,5,CALISTA MID,68,40,"3,128,952.14",-,"3,128,952.14",Nov-28,0%,0%,OPEN,MEMO TERM,YELLOW TAG
B044L050,SOMA1,IMPRESSIONS GEN TRI,1,,5,CALISTA MID,68,40,"3,128,952.14",-,"3,128,952.14",Nov-28,0%,0%,OPEN,MEMO TERM,YELLOW TAG
B044L051,SOMA1,IMPRESSIONS GEN TRI,1,,5,CALISTA MID,68,40,"3,128,952.14",-,"3,128,952.14",Nov-28,0%,0%,OPEN,MEMO TERM,YELLOW TAG
B044L052,SOMA1,IMPRESSIONS GEN TRI,1,,5,CALISTA MID,68,40,"3,128,952.14",-,"3,128,952.14",Nov-28,0%,0%,OPEN,MEMO TERM,YELLOW TAG
B044L054,SOMA1,IMPRESSIONS GEN TRI,1,,5,CALISTA MID,68,40,"3,128,952.14",-,"3,128,952.14",Nov-28,0%,0%,OPEN,MEMO TERM,YELLOW TAG
B044L056,SOMA1,IMPRESSIONS GEN TRI,1,,5,CALISTA END,140,40,"5,788,230.05","578,831.79","5,209,398.26",Nov-28,0%,0%,OPEN,MEMO TERM,YELLOW TAG
B044L057,SOMA1,IMPRESSIONS GEN TRI,1,,5,CALISTA END CORNER,118,40,"5,446,316.58","544,641.06","4,901,675.51",Oct-28,0%,0%,OPEN,MEMO TERM,YELLOW TAG
B045L001,SOMA1,IMPRESSIONS GEN TRI,1,,5,CALISTA END CORNER,123,40,"5,336,769.73","533,686.04","4,803,083.68",Dec-28,0%,0%,OPEN,MEMO TERM,YELLOW TAG
B045L006,SOMA1,IMPRESSIONS GEN TRI,1,,5,CALISTA END CORNER,117,40,"5,159,847.12","515,994.33","4,643,852.78",Dec-28,0%,0%,OPEN,MEMO TERM,YELLOW TAG
B045L007,SOMA1,IMPRESSIONS GEN TRI,1,,5,CALISTA END,104,40,"4,726,794.39","472,681.54","4,254,112.85",Dec-28,0%,0%,OPEN,MEMO TERM,YELLOW TAG
B045L009,SOMA1,IMPRESSIONS GEN TRI,1,,5,CALISTA MID,60,40,"2,916,677.60",-,"2,916,677.60",Dec-28,0%,0%,OPEN,MEMO TERM,YELLOW TAG
B045L010,SOMA1,IMPRESSIONS GEN TRI,1,,5,CALISTA MID,60,40,"2,916,677.60",-,"2,916,677.60",Dec-28,0%,0%,OPEN,MEMO TERM,YELLOW TAG
B045L011,SOMA1,IMPRESSIONS GEN TRI,1,,5,CALISTA MID,60,40,"2,916,677.60",-,"2,916,677.60",Dec-28,0%,0%,OPEN,MEMO TERM,YELLOW TAG
B045L012,SOMA1,IMPRESSIONS GEN TRI,1,,5,CALISTA MID,60,40,"2,916,677.60",-,"2,916,677.60",Dec-28,0%,0%,OPEN,MEMO TERM,YELLOW TAG
B045L013,SOMA1,IMPRESSIONS GEN TRI,1,,5,CALISTA MID,60,40,"2,916,677.60",-,"2,916,677.60",Dec-28,0%,0%,OPEN,MEMO TERM,YELLOW TAG
B045L014,SOMA1,IMPRESSIONS GEN TRI,1,,5,CALISTA MID,60,40,"2,916,677.60",-,"2,916,677.60",Dec-28,0%,0%,OPEN,MEMO TERM,YELLOW TAG
B045L016,SOMA1,IMPRESSIONS GEN TRI,1,,5,CALISTA END CORNER,157,40,"6,339,364.51","633,939.06","5,705,425.46",Dec-28,0%,0%,OPEN,MEMO TERM,YELLOW TAG
B045L020,SOMA1,IMPRESSIONS GEN TRI,1,,5,CALISTA MID,64,40,"3,022,864.87",-,"3,022,864.87",Dec-28,0%,0%,OPEN,MEMO TERM,YELLOW TAG
B045L022,SOMA1,IMPRESSIONS GEN TRI,1,,5,CALISTA MID,64,40,"3,022,864.87",-,"3,022,864.87",Dec-28,0%,0%,OPEN,MEMO TERM,YELLOW TAG
B045L023,SOMA1,IMPRESSIONS GEN TRI,1,,5,CALISTA MID,64,40,"3,022,865",-,"3,022,865",Dec-28,0%,0%,OPEN,MEMO TERM,YELLOW TAG
B045L026,SOMA1,IMPRESSIONS GEN TRI,1,,5,CALISTA END,110,40,"4,903,717.00","490,373.25","4,413,343.75",Dec-28,0%,0%,OPEN,MEMO TERM,YELLOW TAG
B046L001,SOMA1,IMPRESSIONS GEN TRI,1,,5,CALISTA END,103,40,"4,791,257.43","479,127.58","4,312,129.85",Dec-28,0%,0%,OPEN,MEMO TERM,YELLOW TAG
B046L002,SOMA1,IMPRESSIONS GEN TRI,1,,5,CALISTA MID,75,40,"3,314,754.86",-,"3,314,754.86",Dec-28,0%,0%,OPEN,MEMO TERM,YELLOW TAG
B046L003,SOMA1,IMPRESSIONS GEN TRI,1,,5,CALISTA MID,72,40,"3,235,139.41",-,"3,235,139.41",Dec-28,0%,0%,OPEN,MEMO TERM,YELLOW TAG
B046L004,SOMA1,IMPRESSIONS GEN TRI,1,,5,CALISTA END,109,40,"4,874,196.56","487,424.63","4,386,771.93",Dec-28,0%,0%,OPEN,MEMO TERM,YELLOW TAG
B046L008,SOMA1,IMPRESSIONS GEN TRI,1,,5,CALISTA END CORNER,181,40,"7,047,054.95","704,705.89","6,342,349.07",Dec-28,0%,0%,OPEN,MEMO TERM,YELLOW TAG
B047L001,SOMA1,IMPRESSIONS GEN TRI,1,,5,CALISTA END CORNER,152,40,"6,191,862.34","619,195.96","5,572,666.37",Dec-28,0%,0%,OPEN,MEMO TERM,YELLOW TAG
B016L011,SOMA1,NAIC,1,B,3,CALISTA MID,44,40,"2,218,570.00",-,"2,218,570.00",Jan-29,0%,0%,OPEN,MEMO TERM,YELLOW TAG
B017L006,SOMA1,NAIC,1,B,3,CALISTA MID,50,40,"2,321,203.00",-,"2,321,203.00",Mar-29,0%,0%,OPEN,MEMO TERM,YELLOW TAG
B017L008,SOMA1,NAIC,1,B,3,CALISTA MID,50,40,"2,321,203.00",-,"2,321,203.00",Mar-29,0%,0%,OPEN,MEMO TERM,YELLOW TAG
B017L009,SOMA1,NAIC,1,B,3,CALISTA MID,50,40,"2,321,203.00",-,"2,321,203.00",Mar-29,0%,0%,OPEN,MEMO TERM,YELLOW TAG
B017L010,SOMA1,NAIC,1,B,3,CALISTA MID,50,40,"2,321,203.00",-,"2,321,203.00",Mar-29,0%,0%,OPEN,MEMO TERM,YELLOW TAG
B017L011,SOMA1,NAIC,1,B,3,CALISTA MID,50,40,"2,321,203.00",-,"2,321,203.00",Mar-29,0%,0%,OPEN,MEMO TERM,YELLOW TAG
B017L012,SOMA1,NAIC,1,B,3,CALISTA MID,50,40,"2,321,203.00",-,"2,321,203.00",Mar-29,0%,0%,OPEN,MEMO TERM,YELLOW TAG
B017L016,SOMA1,NAIC,1,B,3,CALISTA MID,57,40,"2,466,842",-,"2,466,842",Mar-29,0%,0%,OPEN,MEMO TERM,YELLOW TAG
B017L017,SOMA1,NAIC,1,B,3,CALISTA MID,59,40,"2,508,467.00",-,"2,508,467.00",Mar-29,0%,0%,OPEN,MEMO TERM,YELLOW TAG
B017L018,SOMA1,NAIC,1,B,3,CALISTA MID,62,40,"2,570,855.00",-,"2,570,855.00",Mar-29,0%,0%,OPEN,MEMO TERM,YELLOW TAG
B017L019,SOMA1,NAIC,1,B,3,CALISTA MID,65,40,"2,633,243.00",-,"2,633,243.00",Mar-29,0%,0%,OPEN,MEMO TERM,YELLOW TAG
B017L020,SOMA1,NAIC,1,B,3,CALISTA MID,67,40,"2,674,868.00",-,"2,674,868.00",Mar-29,0%,0%,OPEN,MEMO TERM,YELLOW TAG
B017L021,SOMA1,NAIC,1,B,3,CALISTA MID,70,40,"2,737,256.00",-,"2,737,256.00",Mar-29,0%,0%,OPEN,MEMO TERM,YELLOW TAG
B018L002,SOMA1,NAIC,1,B,3,CALISTA MID,52,40,"2,506,024.00",-,"2,506,024.00",Dec-28,0%,0%,OPEN,MEMO TERM,YELLOW TAG
B018L005,SOMA1,NAIC,1,B,3,CALISTA MID,52,40,"2,506,024.00",-,"2,506,024.00",Jan-29,0%,0%,OPEN,MEMO TERM,YELLOW TAG
B018L007,SOMA1,NAIC,1,B,3,CALISTA END,155,40,"4,644,378.00",-,"4,644,378.00",Jan-29,0%,0%,OPEN,MEMO TERM,YELLOW TAG
B018L008,SOMA1,NAIC,1,B,3,CALISTA END,130,40,"4,119,048.00",-,"4,119,048.00",Dec-28,0%,0%,OPEN,MEMO TERM,YELLOW TAG
B018L015,SOMA1,NAIC,1,B,3,CALISTA MID,44,40,"2,218,570.00",-,"2,218,570.00",Dec-28,0%,0%,OPEN,MEMO TERM,YELLOW TAG
B018L016,SOMA1,NAIC,1,B,3,CALISTA MID,44,40,"2,218,570.00",-,"2,218,570.00",Dec-28,0%,0%,OPEN,MEMO TERM,YELLOW TAG
B018L017,SOMA1,NAIC,1,B,3,CALISTA MID,44,40,"2,218,570.00",-,"2,218,570.00",Jan-29,0%,0%,OPEN,MEMO TERM,YELLOW TAG
B018L018,SOMA1,NAIC,1,B,3,CALISTA MID,44,40,"2,218,570.00",-,"2,218,570.00",Jan-29,0%,0%,OPEN,MEMO TERM,YELLOW TAG
B018L019,SOMA1,NAIC,1,B,3,CALISTA MID,44,40,"2,218,570.00",-,"2,218,570.00",Jan-29,0%,0%,OPEN,MEMO TERM,YELLOW TAG
B018L020,SOMA1,NAIC,1,B,3,CALISTA MID,44,40,"2,218,570.00",-,"2,218,570.00",Jan-29,0%,0%,OPEN,MEMO TERM,YELLOW TAG
B018L024,SOMA1,NAIC,1,B,3,CALISTA MID,44,40,"2,218,570.00",-,"2,218,570.00",Jan-29,0%,0%,OPEN,MEMO TERM,YELLOW TAG
B018L025,SOMA1,NAIC,1,B,3,CALISTA MID,44,40,"2,218,570.00",-,"2,218,570.00",Jan-29,0%,0%,OPEN,MEMO TERM,YELLOW TAG
B018L026,SOMA1,NAIC,1,B,3,CALISTA MID,44,40,"2,218,570.00",-,"2,218,570.00",Jan-29,0%,0%,OPEN,MEMO TERM,YELLOW TAG
B018L027,SOMA1,NAIC,1,B,3,CALISTA MID,44,40,"2,218,570.00",-,"2,218,570.00",Jan-29,0%,0%,OPEN,MEMO TERM,YELLOW TAG
B018L028,SOMA1,NAIC,1,B,3,CALISTA MID,44,40,"2,218,570.00",-,"2,218,570.00",Jan-29,0%,0%,OPEN,MEMO TERM,YELLOW TAG
B018L029,SOMA1,NAIC,1,B,3,CALISTA MID,44,40,"2,218,570.00",-,"2,218,570.00",Jan-29,0%,0%,OPEN,MEMO TERM,YELLOW TAG
B018L035,SOMA1,NAIC,1,B,3,CALISTA MID,44,40,"2,285,098.00",-,"2,285,098.00",Jan-29,0%,0%,OPEN,MEMO TERM,YELLOW TAG
B018L036,SOMA1,NAIC,1,B,3,CALISTA MID,44,40,"2,285,098.00",-,"2,285,098.00",Jan-29,0%,0%,OPEN,MEMO TERM,YELLOW TAG
B018L041,SOMA1,NAIC,1,B,3,CALISTA MID,44,40,"2,285,098.00",-,"2,285,098.00",Jan-29,0%,0%,OPEN,MEMO TERM,YELLOW TAG
B018L042,SOMA1,NAIC,1,B,3,CALISTA MID,44,40,"2,285,098.00",-,"2,285,098.00",Jan-29,0%,0%,OPEN,MEMO TERM,YELLOW TAG
B018L043,SOMA1,NAIC,1,B,3,CALISTA MID,44,40,"2,285,098.00",-,"2,285,098.00",Jan-29,0%,0%,OPEN,MEMO TERM,YELLOW TAG
B018L044,SOMA1,NAIC,1,B,3,CALISTA MID,44,40,"2,285,098.00",-,"2,285,098.00",Jan-29,0%,0%,OPEN,MEMO TERM,YELLOW TAG
B018L045,SOMA1,NAIC,1,B,3,CALISTA MID,44,40,"2,285,098.00",-,"2,285,098.00",Jan-29,0%,0%,OPEN,MEMO TERM,YELLOW TAG
B018L046,SOMA1,NAIC,1,B,3,CALISTA MID,44,40,"2,285,098.00",-,"2,285,098.00",Jan-29,0%,0%,OPEN,MEMO TERM,YELLOW TAG
B018L050,SOMA1,NAIC,1,B,3,CALISTA END,141,40,"4,480,717.00",-,"4,480,717.00",Mar-29,0%,0%,OPEN,MEMO TERM,YELLOW TAG
B019L002,SOMA1,NAIC,1,B,3,CALISTA MID,46,40,"2,294,482.00",-,"2,294,482.00",Mar-29,0%,0%,OPEN,MEMO TERM,YELLOW TAG
B019L003,SOMA1,NAIC,1,B,3,CALISTA MID,46,40,"2,294,482.00",-,"2,294,482.00",Mar-29,0%,0%,OPEN,MEMO TERM,YELLOW TAG
B029L003,NOMA1,GAPAN,1,,1,CALISTA MID,44,40,"1,969,092.00",-,"1,969,092.00",Jul-26,100%,80%,OPEN,RSBS WITHIN THE MONTH,RED TAG
B029L004,NOMA1,GAPAN,1,,1,CALISTA MID,44,40,"1,969,092.00",-,"1,969,092.00",Jul-26,100%,80%,OPEN,RSBS WITHIN THE MONTH,RED TAG
B025L014,NOMA1,GAPAN,1,,2,CALISTA MID,44,40,"1,998,237.00",-,"1,998,237.00",Jul-26,100%,80%,OPEN,RSBS WITHIN THE MONTH,RED TAG
B025L015,NOMA1,GAPAN,1,,2,CALISTA MID,44,40,"1,998,237.00",-,"1,998,237.00",Jul-26,100%,80%,OPEN,RSBS WITHIN THE MONTH,RED TAG
B025L016,NOMA1,GAPAN,1,,2,CALISTA MID,44,40,"1,998,237.00",-,"1,998,237.00",Jul-26,100%,80%,OPEN,RSBS WITHIN THE MONTH,RED TAG
B025L024,NOMA1,GAPAN,1,,2,CALISTA MID,44,40,"1,998,237.00",-,"1,998,237.00",Aug-26,100%,80%,OPEN,RSBS WITHIN THE MONTH,RED TAG
B025L037,NOMA1,GAPAN,1,,2,CALISTA MID,44,40,"1,940,047.00",-,"1,940,047.00",Aug-26,100%,80%,OPEN,RSBS WITHIN THE MONTH,RED TAG
B025L039,NOMA1,GAPAN,1,,2,CALISTA MID,44,40,"1,940,047",-,"1,940,047",Jul-26,100%,80%,OPEN,RSBS WITHIN THE MONTH,RED TAG
B025L043,NOMA1,GAPAN,1,,2,CALISTA MID,44,40,"1,940,047.00",-,"1,940,047.00",Jul-26,100%,80%,OPEN,RSBS WITHIN THE MONTH,RED TAG
B025L044,NOMA1,GAPAN,1,,2,CALISTA MID,44,40,"1,940,047.00",-,"1,940,047.00",Jul-26,100%,80%,OPEN,RSBS WITHIN THE MONTH,RED TAG
B025L049,NOMA1,GAPAN,1,,2,CALISTA MID,44,40,"1,940,047.00",-,"1,940,047.00",Jul-26,100%,80%,OPEN,RSBS WITHIN THE MONTH,RED TAG
B026L017,NOMA1,GAPAN,1,,2,CALISTA MID,44,40,"1,940,047.00",-,"1,940,047.00",Jul-26,100%,80%,OPEN,RSBS WITHIN THE MONTH,RED TAG
B026L023,NOMA1,GAPAN,1,,2,CALISTA MID,44,40,"1,940,047.00",-,"1,940,047.00",Aug-26,100%,80%,OPEN,RSBS WITHIN THE MONTH,RED TAG
B026L024,NOMA1,GAPAN,1,,2,CALISTA MID,44,40,"1,940,047.00",-,"1,940,047.00",Jul-26,100%,80%,OPEN,RSBS WITHIN THE MONTH,RED TAG
B026L025,NOMA1,GAPAN,1,,2,CALISTA MID,44,40,"1,940,047.00",-,"1,940,047.00",Aug-26,100%,80%,OPEN,RSBS WITHIN THE MONTH,RED TAG
B026L026,NOMA1,GAPAN,1,,2,CALISTA MID,44,40,"1,940,047.00",-,"1,940,047.00",Aug-26,100%,80%,OPEN,RSBS WITHIN THE MONTH,RED TAG
B026L042,NOMA1,GAPAN,1,,1,CALISTA MID,44,40,"1,969,092.00",-,"1,969,092.00",Jul-26,100%,80%,OPEN,RSBS WITHIN THE MONTH,RED TAG
B026L022,NOMA1,GAPAN,1,,2,CALISTA MID,44,40,"1,940,047.00",-,"1,940,047.00",Jul-26,100%,80%,OPEN,RSBS WITHIN THE MONTH,RED TAG
B025L013,NOMA1,GAPAN,1,,2,CALISTA MID,44,40,"1,998,237.00",-,"1,998,237.00",Jul-26,100%,80%,OPEN,RSBS WITHIN THE MONTH,RED TAG
B026L037,NOMA1,GAPAN,1,,1,CALISTA MID,44,40,"1,969,092.00",-,"1,969,092.00",Jul-26,100%,80%,OPEN,RSBS WITHIN THE MONTH,RED TAG
B024L009,NOMA1,GAPAN,1,,3,CALISTA MID,44,40,"1,998,237.00",-,"1,998,237.00",Sep-26,100%,80%,OPEN,RSBS WITHIN THE MONTH,RED TAG
B024L010,NOMA1,GAPAN,1,,3,CALISTA MID,44,40,"1,998,237.00",-,"1,998,237.00",Sep-26,100%,80%,OPEN,RSBS WITHIN THE MONTH,RED TAG
B024L011,NOMA1,GAPAN,1,,3,CALISTA MID,44,40,"1,998,237.00",-,"1,998,237.00",Sep-26,100%,80%,OPEN,RSBS WITHIN THE MONTH,RED TAG
B024L012,NOMA1,GAPAN,1,,3,CALISTA MID,44,40,"1,998,237.00",-,"1,998,237.00",Sep-26,100%,80%,OPEN,RSBS WITHIN THE MONTH,RED TAG
B024L013,NOMA1,GAPAN,1,,3,CALISTA MID,44,40,"1,998,237.00",-,"1,998,237.00",Sep-26,100%,80%,OPEN,RSBS WITHIN THE MONTH,RED TAG
B024L017,NOMA1,GAPAN,1,,3,CALISTA MID,44,40,"1,998,237",-,"1,998,237",Jul-26,100%,80%,OPEN,RSBS WITHIN THE MONTH,RED TAG
B025L033,NOMA1,GAPAN,1,,2,CALISTA MID,44,40,"1,940,047.00",-,"1,940,047.00",Jul-26,100%,80%,OPEN,RSBS WITHIN THE MONTH,RED TAG
B026L034,NOMA1,GAPAN,1,,1,CALISTA MID,44,40,"1,969,092.00",-,"1,969,092.00",Jul-26,100%,80%,OPEN,RSBS WITHIN THE MONTH,RED TAG
B026L035,NOMA1,GAPAN,1,,1,CALISTA MID,44,40,"1,969,092.00",-,"1,969,092.00",Jul-26,100%,80%,OPEN,RSBS WITHIN THE MONTH,RED TAG
B026L045,NOMA1,GAPAN,1,,1,CALISTA MID,44,40,"1,969,092",-,"1,969,092",Jul-26,100%,80%,OPEN,RSBS WITHIN THE MONTH,RED TAG
B026L036,NOMA1,GAPAN,1,,1,CALISTA MID,44,40,"1,969,092.00",-,"1,969,092.00",Jul-26,100%,80%,REOPEN,RSBS WITHIN THE MONTH,RED TAG
B026L013,NOMA1,GAPAN,1,,2,CALISTA MID,44,40,"1,940,047.00",-,"1,940,047.00",Jul-26,100%,80%,REOPEN,RSBS WITHIN THE MONTH,RED TAG
B024L038,NOMA1,GAPAN,1,,3,CALISTA MID,44,40,"2,066,109",-,"2,066,109",Jun-26,100%,80%,REOPEN,RSBS WITHIN THE MONTH,RED TAG
B025L022,NOMA1,GAPAN,1,,2,CALISTA MID,44,40,"1,998,237.00",-,"1,998,237.00",Aug-26,100%,80%,OPEN,RSBS WITHIN THE MONTH,RED TAG
B026L047,NOMA1,GAPAN,1,,1,CALISTA MID,44,40,"1,969,092.00",-,"1,969,092.00",Jul-26,100%,80%,OPEN,RSBS WITHIN THE MONTH,RED TAG
B023L003,NOMA1,GAPAN,1,,4,CALISTA MID,44,40,"1,969,092",-,"1,969,092",Jul-27,75%,60%,OPEN,RSBS WITHIN THE MONTH,RED TAG
B023L004,NOMA1,GAPAN,1,,4,CALISTA MID,44,40,"1,969,092.00",-,"1,969,092.00",Jul-27,75%,60%,OPEN,RSBS WITHIN THE MONTH,RED TAG
B023L009,NOMA1,GAPAN,1,,4,CALISTA MID,44,40,"1,969,092",-,"1,969,092",Jul-27,75%,60%,OPEN,RSBS WITHIN THE MONTH,RED TAG
B023L010,NOMA1,GAPAN,1,,4,CALISTA MID,44,40,"1,969,092.00",-,"1,969,092.00",Jul-27,75%,60%,OPEN,RSBS WITHIN THE MONTH,RED TAG
B023L011,NOMA1,GAPAN,1,,4,CALISTA MID,44,40,"1,969,092.00",-,"1,969,092.00",Jul-27,75%,60%,OPEN,RSBS WITHIN THE MONTH,RED TAG
B023L012,NOMA1,GAPAN,1,,4,CALISTA MID,44,40,"1,969,092.00",-,"1,969,092.00",Jul-27,75%,60%,OPEN,RSBS WITHIN THE MONTH,RED TAG
B025L023,NOMA1,GAPAN,1,,2,CALISTA MID,44,40,"1,998,237.00",-,"1,998,237.00",Jul-26,100%,80%,REOPEN,RSBS WITHIN THE MONTH,RED TAG
B024L029,NOMA1,GAPAN,1,,3,CALISTA MID,44,40,"1,969,092.00",-,"1,969,092.00",Jul-26,100%,80%,REOPEN,RSBS WITHIN THE MONTH,RED TAG
B020L027,NOMA1,GAPAN,1,,5,CALISTA MID,44,40,"1,998,237.00",-,"1,998,237.00",Aug-27,60%,60%,OPEN,RSBS WITHIN THE MONTH/RSBS WITHIN 30 DAYS,RED TAG
B020L033,NOMA1,GAPAN,1,,5,CALISTA MID,44,40,"1,998,237.00",-,"1,998,237.00",Aug-27,60%,60%,OPEN,RSBS WITHIN THE MONTH/RSBS WITHIN 30 DAYS,RED TAG
B020L034,NOMA1,GAPAN,1,,5,CALISTA MID,44,40,"1,998,237",-,"1,998,237",Aug-27,60%,60%,OPEN,RSBS WITHIN THE MONTH/RSBS WITHIN 30 DAYS,RED TAG
B020L035,NOMA1,GAPAN,1,,5,CALISTA MID,44,40,"1,998,237",-,"1,998,237",Aug-27,60%,60%,OPEN,RSBS WITHIN THE MONTH/RSBS WITHIN 30 DAYS,RED TAG
B020L036,NOMA1,GAPAN,1,,5,CALISTA MID,44,40,"1,998,237.00",-,"1,998,237.00",Aug-27,60%,60%,OPEN,RSBS WITHIN THE MONTH/RSBS WITHIN 30 DAYS,RED TAG
B020L047,NOMA1,GAPAN,1,,5,CALISTA MID,44,40,"1,940,047",-,"1,940,047",Jun-27,60%,60%,OPEN,RSBS WITHIN THE MONTH,YELLOW TAG
B020L056,NOMA1,GAPAN,1,,5,CALISTA MID,44,40,"1,940,047.00",-,"1,940,047.00",Jun-27,60%,60%,OPEN,RSBS WITHIN THE MONTH,YELLOW TAG
B025L048,NOMA1,GAPAN,1,,2,CALISTA MID,44,40,"1,940,047.00",-,"1,940,047.00",Jul-26,100%,80%,REOPEN,RSBS WITHIN THE MONTH,RED TAG
B021L006,NOMA1,GAPAN,1,,5,CALISTA MID,44,40,"1,998,237.00",-,"1,998,237.00",Jul-27,60%,60%,OPEN,RSBS WITHIN THE MONTH/RSBS WITHIN 30 DAYS,RED TAG
B021L007,NOMA1,GAPAN,1,,5,CALISTA MID,44,40,"1,998,237.00",-,"1,998,237.00",Jul-27,60%,60%,OPEN,RSBS WITHIN THE MONTH/RSBS WITHIN 30 DAYS,RED TAG
B021L015,NOMA1,GAPAN,1,,5,CALISTA MID,44,40,"1,998,237.00",-,"1,998,237.00",Oct-27,60%,60%,OPEN,RSBS WITHIN THE MONTH,RED TAG
B021L016,NOMA1,GAPAN,1,,5,CALISTA MID,44,40,"1,998,237.00",-,"1,998,237.00",Oct-27,60%,60%,OPEN,RSBS WITHIN THE MONTH,RED TAG
B021L017,NOMA1,GAPAN,1,,5,CALISTA MID,44,40,"1,998,237.00",-,"1,998,237.00",Oct-27,60%,60%,OPEN,RSBS WITHIN THE MONTH,RED TAG
B021L018,NOMA1,GAPAN,1,,5,CALISTA MID,44,40,"1,998,237.00",-,"1,998,237.00",Oct-27,60%,60%,OPEN,RSBS WITHIN THE MONTH,RED TAG
B021L042,NOMA1,GAPAN,1,,5,CALISTA MID,44,40,"1,969,092.00",-,"1,969,092.00",Sep-27,60%,60%,OPEN,RSBS WITHIN THE MONTH/RSBS WITHIN 30 DAYS,RED TAG
B021L043,NOMA1,GAPAN,1,,5,CALISTA MID,44,40,"1,969,092.00",-,"1,969,092.00",Sep-27,60%,60%,OPEN,RSBS WITHIN THE MONTH/RSBS WITHIN 30 DAYS,RED TAG
B021L044,NOMA1,GAPAN,1,,5,CALISTA MID,44,40,"1,969,092.00",-,"1,969,092.00",Sep-27,60%,60%,OPEN,RSBS WITHIN THE MONTH/RSBS WITHIN 30 DAYS,RED TAG
B021L045,NOMA1,GAPAN,1,,5,CALISTA MID,44,40,"1,969,092.00",-,"1,969,092.00",Sep-27,60%,60%,OPEN,RSBS WITHIN THE MONTH/RSBS WITHIN 30 DAYS,RED TAG
B021L046,NOMA1,GAPAN,1,,5,CALISTA MID,44,40,"1,969,092.00",-,"1,969,092.00",Sep-27,60%,60%,OPEN,RSBS WITHIN THE MONTH/RSBS WITHIN 30 DAYS,RED TAG
B021L047,NOMA1,GAPAN,1,,5,CALISTA MID,44,40,"1,969,092.00",-,"1,969,092.00",Sep-27,60%,60%,OPEN,RSBS WITHIN THE MONTH/RSBS WITHIN 30 DAYS,RED TAG
B021L048,NOMA1,GAPAN,1,,5,CALISTA MID,44,40,"1,969,092",-,"1,969,092",Sep-27,60%,60%,OPEN,RSBS WITHIN THE MONTH/RSBS WITHIN 30 DAYS,RED TAG
B021L023,NOMA1,GAPAN,1,,5,CALISTA MID,44,40,"1,998,237",-,"1,998,237",Jun-27,30%,30%,OPEN,MEMO TERM,YELLOW TAG
B021L024,NOMA1,GAPAN,1,,5,CALISTA MID,44,40,"1,998,237",-,"1,998,237",Jun-27,30%,30%,OPEN,MEMO TERM,YELLOW TAG
B021L025,NOMA1,GAPAN,1,,5,CALISTA MID,44,40,"1,998,237",-,"1,998,237",Jun-27,30%,30%,OPEN,MEMO TERM,YELLOW TAG
B021L026,NOMA1,GAPAN,1,,5,CALISTA MID,44,40,"1,998,237",-,"1,998,237",Jun-27,30%,30%,OPEN,MEMO TERM,YELLOW TAG
B021L027,NOMA1,GAPAN,1,,5,CALISTA MID,44,40,"1,998,237",-,"1,998,237",Jun-27,30%,30%,OPEN,MEMO TERM,YELLOW TAG
B021L033,NOMA1,GAPAN,1,,5,CALISTA MID,44,40,"1,969,092",-,"1,969,092",Jun-27,12%,12%,OPEN,MEMO TERM,YELLOW TAG
B021L034,NOMA1,GAPAN,1,,5,CALISTA MID,44,40,"1,969,092",-,"1,969,092",Jun-27,12%,12%,OPEN,MEMO TERM,YELLOW TAG
B021L035,NOMA1,GAPAN,1,,5,CALISTA MID,44,40,"1,969,092",-,"1,969,092",Jun-27,12%,12%,OPEN,MEMO TERM,YELLOW TAG
B021L036,NOMA1,GAPAN,1,,5,CALISTA MID,44,40,"1,969,092",-,"1,969,092",Jun-27,12%,12%,OPEN,MEMO TERM,YELLOW TAG
B021L037,NOMA1,GAPAN,1,,5,CALISTA MID,44,40,"1,969,092",-,"1,969,092",Jun-27,12%,12%,OPEN,MEMO TERM,YELLOW TAG
B021L038,NOMA1,GAPAN,1,,5,CALISTA MID,44,40,"1,969,092",-,"1,969,092",Jun-27,12%,12%,OPEN,MEMO TERM,YELLOW TAG
B021L039,NOMA1,GAPAN,1,,5,CALISTA MID,44,40,"1,969,092",-,"1,969,092",Jun-27,12%,12%,OPEN,MEMO TERM,YELLOW TAG
B020L003,NOMA1,GAPAN,1,,6,CALISTA MID,44,40,"2,018,139",-,"2,018,139",Feb-27,5%,5%,OPEN,MEMO TERM,YELLOW TAG
B020L004,NOMA1,GAPAN,1,,6,CALISTA MID,44,40,"2,018,139",-,"2,018,139",Feb-27,5%,5%,OPEN,MEMO TERM,YELLOW TAG
B020L005,NOMA1,GAPAN,1,,6,CALISTA MID,44,40,"2,018,139",-,"2,018,139",Feb-27,5%,5%,OPEN,MEMO TERM,YELLOW TAG
B020L006,NOMA1,GAPAN,1,,6,CALISTA MID,44,40,"2,018,139",-,"2,018,139",Feb-27,5%,5%,OPEN,MEMO TERM,YELLOW TAG
B020L007,NOMA1,GAPAN,1,,6,CALISTA MID,44,40,"2,018,139",-,"2,018,139",Feb-27,5%,5%,OPEN,MEMO TERM,YELLOW TAG
B020L008,NOMA1,GAPAN,1,,6,CALISTA MID,44,40,"2,018,139",-,"2,018,139",Feb-27,5%,5%,OPEN,MEMO TERM,YELLOW TAG
B020L009,NOMA1,GAPAN,1,,6,CALISTA MID,44,40,"2,018,139",-,"2,018,139",Feb-27,5%,5%,OPEN,MEMO TERM,YELLOW TAG
B020L012,NOMA1,GAPAN,1,,6,CALISTA MID,44,40,"2,018,139",-,"2,018,139",Sep-27,60%,60%,OPEN,RSBS WITHIN THE MONTH,RED TAG
B020L013,NOMA1,GAPAN,1,,6,CALISTA MID,44,40,"2,018,139",-,"2,018,139",Sep-27,60%,60%,OPEN,RSBS WITHIN THE MONTH,RED TAG
B020L014,NOMA1,GAPAN,1,,6,CALISTA MID,44,40,"2,018,139",-,"2,018,139",Sep-27,60%,60%,OPEN,RSBS WITHIN THE MONTH,RED TAG
B020L015,NOMA1,GAPAN,1,,6,CALISTA MID,44,40,"2,018,139",-,"2,018,139",Sep-27,60%,60%,OPEN,RSBS WITHIN THE MONTH,RED TAG
B020L016,NOMA1,GAPAN,1,,6,CALISTA MID,44,40,"2,018,139",-,"2,018,139",Sep-27,60%,60%,OPEN,RSBS WITHIN THE MONTH,RED TAG
B020L017,NOMA1,GAPAN,1,,6,CALISTA MID,44,40,"2,018,139",-,"2,018,139",Sep-27,60%,60%,OPEN,RSBS WITHIN THE MONTH,RED TAG
B001L003,NOMA1,PANDI EXPANSION,4,B,6,CALISTA END,134,40,"5,214,491",-,"5,214,491",May-27,0%,0%,OPEN,MEMO TERM,YELLOW TAG
B001L004,NOMA1,PANDI EXPANSION,4,B,6,CALISTA END,95,40,"4,071,101",-,"4,071,101",Jul-27,0%,0%,OPEN,MEMO TERM,YELLOW TAG
B001L012,NOMA1,PANDI EXPANSION,4,B,6,CALISTA END,90,40,"3,924,572",-,"3,924,572",Jul-27,0%,0%,OPEN,MEMO TERM,YELLOW TAG
B001L013,NOMA1,PANDI EXPANSION,4,B,6,CALISTA END,120,40,"4,804,048",-,"4,804,048",Jul-27,0%,0%,OPEN,MEMO TERM,YELLOW TAG
B001L044,NOMA1,PANDI EXPANSION,4,B,6,CALISTA END,113,40,"4,598,827",-,"4,598,827",Jun-27,0%,0%,OPEN,MEMO TERM,YELLOW TAG
B002L002,NOMA1,PANDI EXPANSION,4,B,6,CALISTA MID,57,40,"2,789,902",-,"2,789,902",Jun-27,0%,0%,OPEN,MEMO TERM,YELLOW TAG
B002L004,NOMA1,PANDI EXPANSION,4,B,6,CALISTA MID,66,40,"3,053,815.00",-,"3,053,815.00",Jun-27,0%,0%,OPEN,MEMO TERM,YELLOW TAG
B002L005,NOMA1,PANDI EXPANSION,4,B,6,CALISTA MID,71,40,"3,200,344.00",-,"3,200,344.00",Jun-27,0%,0%,OPEN,MEMO TERM,YELLOW TAG
B002L006,NOMA1,PANDI EXPANSION,4,B,6,CALISTA MID,72,40,"3,229,690.00",-,"3,229,690.00",Jun-27,0%,0%,OPEN,MEMO TERM,YELLOW TAG
B002L007,NOMA1,PANDI EXPANSION,4,B,6,CALISTA MID,71,40,"3,200,344.00",-,"3,200,344.00",Jun-27,0%,0%,OPEN,MEMO TERM,YELLOW TAG
B002L008,NOMA1,PANDI EXPANSION,4,B,6,CALISTA END,103,40,"4,305,668.00",-,"4,305,668.00",Jun-27,0%,0%,OPEN,MEMO TERM,YELLOW TAG
B005L005,NOMA1,PANDI EXPANSION,4,B,6,CALISTA END,66,40,"3,252,654.00",-,"3,252,654.00",Jun-27,0%,0%,OPEN,MEMO TERM,YELLOW TAG
B005L006,NOMA1,PANDI EXPANSION,4,B,6,CALISTA MID,48,40,"2,551,615.00",-,"2,551,615.00",Jun-27,0%,0%,OPEN,MEMO TERM,YELLOW TAG
B005L007,NOMA1,PANDI EXPANSION,4,B,6,CALISTA MID,48,40,"2,551,615.00",-,"2,551,615.00",Jun-27,0%,0%,OPEN,MEMO TERM,YELLOW TAG
B005L010,NOMA1,PANDI EXPANSION,4,B,6,CALISTA END CORNER,102,40,"4,318,777.00",-,"4,318,777.00",Jun-27,0%,0%,OPEN,MEMO TERM,YELLOW TAG
B005L011,NOMA1,PANDI EXPANSION,4,B,6,CALISTA END CORNER,136,40,"5,325,561.00",-,"5,325,561.00",Jul-27,0%,0%,OPEN,MEMO TERM,YELLOW TAG
B005L012,NOMA1,PANDI EXPANSION,4,B,6,CALISTA MID,48,40,"2,551,615.00",-,"2,551,615.00",Jul-27,0%,0%,OPEN,MEMO TERM,YELLOW TAG
B005L013,NOMA1,PANDI EXPANSION,4,B,6,CALISTA MID,48,40,"2,551,615.00",-,"2,551,615.00",Jul-27,0%,0%,OPEN,MEMO TERM,YELLOW TAG
B005L014,NOMA1,PANDI EXPANSION,4,B,6,CALISTA MID,48,40,"2,551,615.00",-,"2,551,615.00",Jul-27,0%,0%,OPEN,MEMO TERM,YELLOW TAG
B005L015,NOMA1,PANDI EXPANSION,4,B,6,CALISTA MID,48,40,"2,551,615.00",-,"2,551,615.00",Jul-27,0%,0%,OPEN,MEMO TERM,YELLOW TAG
B005L016,NOMA1,PANDI EXPANSION,4,B,6,CALISTA END,66,40,"3,252,654.00",-,"3,252,654.00",Jul-27,0%,0%,OPEN,MEMO TERM,YELLOW TAG
B006L004,NOMA1,PANDI EXPANSION,4,B,6,CALISTA END,61,40,"3,089,743.00",-,"3,089,743.00",May-27,0%,0%,OPEN,MEMO TERM,YELLOW TAG
B006L005,NOMA1,PANDI EXPANSION,4,B,6,CALISTA END,61,40,"3,089,743.00",-,"3,089,743.00",Jun-27,0%,0%,OPEN,MEMO TERM,YELLOW TAG
B006L013,NOMA1,PANDI EXPANSION,4,B,6,CALISTA MID,44,40,"2,433,134.00",-,"2,433,134.00",Jun-27,0%,0%,OPEN,MEMO TERM,YELLOW TAG
B006L016,NOMA1,PANDI EXPANSION,4,B,6,CALISTA END,61,40,"3,089,743.00",-,"3,089,743.00",Jun-27,0%,0%,OPEN,MEMO TERM,YELLOW TAG
B006L017,NOMA1,PANDI EXPANSION,4,B,6,CALISTA END,61,40,"3,089,743.00",-,"3,089,743.00",Jul-27,0%,0%,OPEN,MEMO TERM,YELLOW TAG
B006L018,NOMA1,PANDI EXPANSION,4,B,6,CALISTA MID,44,40,"2,433,134.00",-,"2,433,134.00",Jul-27,0%,0%,OPEN,MEMO TERM,YELLOW TAG
B007L008,NOMA1,PANDI EXPANSION,4,B,6,CALISTA END CORNER,93,40,"4,052,197.00",-,"4,052,197.00",Jun-27,0%,0%,OPEN,MEMO TERM,YELLOW TAG
B007L010,NOMA1,PANDI EXPANSION,4,B,6,CALISTA MID,44,40,"2,433,134.00",-,"2,433,134.00",Jun-27,0%,0%,OPEN,MEMO TERM,YELLOW TAG
B007L011,NOMA1,PANDI EXPANSION,4,B,6,CALISTA MID,44,40,"2,433,134.00",-,"2,433,134.00",Jun-27,0%,0%,OPEN,MEMO TERM,YELLOW TAG
B007L012,NOMA1,PANDI EXPANSION,4,B,6,CALISTA MID,44,40,"2,433,134.00",-,"2,433,134.00",Jun-27,0%,0%,OPEN,MEMO TERM,YELLOW TAG
B007L013,NOMA1,PANDI EXPANSION,4,B,6,CALISTA MID,44,40,"2,433,134.00",-,"2,433,134.00",Jun-27,0%,0%,OPEN,MEMO TERM,YELLOW TAG
B007L014,NOMA1,PANDI EXPANSION,4,B,6,CALISTA MID,44,40,"2,433,134.00",-,"2,433,134.00",Jun-27,0%,0%,OPEN,MEMO TERM,YELLOW TAG
B007L015,NOMA1,PANDI EXPANSION,4,B,6,CALISTA END,61,40,"3,089,743.00",-,"3,089,743.00",Jun-27,0%,0%,OPEN,MEMO TERM,YELLOW TAG
B007L017,NOMA1,PANDI EXPANSION,4,B,6,CALISTA MID,44,40,"2,433,134.00",-,"2,433,134.00",May-27,0%,0%,OPEN,MEMO TERM,YELLOW TAG
B042L032,SOMA1,NAIC,2,B,B1,CALISTA END,165,40,"4,806,001.00",-,"4,806,001.00",Feb-26,12%,12%,OPEN,MEMO TERM,YELLOW TAG
B014L001,SOMA1,GEN TRI,3,B,2,UNNA CORNER,122,54,"5,691,049.00","569,105.23","5,121,943.77",Sep-27,0%,0%,OPEN,MEMO TERM,YELLOW TAG
B014L012,SOMA1,GEN TRI,3,B,2,UNNA REGULAR,132,54,"5,411,760","541,185.05","4,870,575",Dec-27,0%,0%,OPEN,MEMO TERM,YELLOW TAG
B046L004,SOMA1,NAIC,2,A,B2,CALISTA MID,44,40,"2,218,570",-,"2,218,570",Jul-26,12%,12%,Cancelled,RSBS WITHIN THE MONTH,YELLOW TAG
B050L060,SOMA1,NAIC,2,A,B3,CALISTA MID,44,40,"2,218,570",-,"2,218,570",Nov-26,12%,12%,OPEN,MEMO TERM,YELLOW TAG
B021L006,SOMA1,NAIC,1,B,B1,CALISTA MID,44,40,"2,218,570",-,"2,218,570",Aug-28,67%,60%,OPEN,RSBS WITHIN THE MONTH,RED TAG
B021L086,SOMA1,NAIC,1,B,B1,CALISTA MID,44,40,"2,285,098",-,"2,285,098",Sep-28,60%,60%,OPEN,RSBS WITHIN THE MONTH,RED TAG
B010L018,NOMA1,PANDI EXPANSION,4,A,2,CALISTA MID,48,40,"2,526,089",-,"2,526,089",Mar-27,0%,0%,OPEN,MEMO TERM,YELLOW TAG
B026L053,NOMA1,GAPAN,1,,1,CALISTA MID,44,40,"1,969,092",-,"1,969,092",Jul-26,100%,80%,REOPEN,RSBS WITHIN THE MONTH,RED TAG
B026L028,NOMA1,GAPAN,1,,2,CALISTA MID,44,40,"1,940,047",-,"1,940,047",Aug-26,100%,80%,REOPEN,RSBS WITHIN THE MONTH,RED TAG
B028L009,SOMA1,NAIC,1,A,B2,CALISTA MID,44,40,"2,218,570",-,"2,218,570",Feb-25,100%,80%,Cancelled,RSBS WITHIN THE MONTH,RED TAG
B026L038,SOMA1,NAIC,1,A,B3,CALISTA MID,44,40,"2,218,570.00",-,"2,218,570.00",Sep-25,100%,80%,Cancelled,RSBS WITHIN THE MONTH,RED TAG
B025L046,NOMA1,GAPAN,1,,2,CALISTA MID,44,40,"1,940,047.00",-,"1,940,047.00",Jan-27,100%,80%,Backout,RSBS WITHIN THE MONTH / SHOULD BE WITH RF AND SPOT PAYMENT UPON HOLDING,RED TAG
B026L015,NOMA1,GAPAN,1,,2,CALISTA MID,44,40,"1,940,047.00",-,"1,940,047.00",Jan-27,100%,80%,Fallout,RSBS WITHIN THE MONTH,RED TAG
B022L001,NOMA1,GAPAN,1,,4,CALISTA END CORNER,97,40,"3,088,898.00",-,"3,088,898.00",Jul-27,75%,60%,Backout,RSBS WITHIN THE MONTH / SHOULD BE WITH RF AND SPOT PAYMENT UPON HOLDING,RED TAG
B022L002,NOMA1,GAPAN,1,,4,CALISTA MID,47,40,"2,025,752",-,"2,025,752",Jul-27,70%,60%,Backout,RSBS WITHIN THE MONTH,RED TAG
B022L023,NOMA1,GAPAN,1,,4,CALISTA END CORNER,154,40,"4,165,333",-,"4,165,333",Jul-27,70%,60%,Backout,RSBS WITHIN THE MONTH / SHOULD BE WITH RF AND SPOT PAYMENT UPON HOLDING,RED TAG
B023L014,NOMA1,GAPAN,1,,4,CALISTA END,100,40,"3,109,445",-,"3,109,445",Jul-27,80%,60%,Fallout,RSBS WITHIN THE MONTH,RED TAG
B020L023,NOMA1,GAPAN,1,,5,CALISTA MID,44,40,"1,998,237",-,"1,998,237",Aug-27,60%,60%,OPEN,RSBS WITHIN THE MONTH,RED TAG
B024L031,NOMA1,GAPAN,1,,Batch 3,CALISTA MID,44,40,"1,969,092.00",-,"1,969,092.00",Nov-27,80%,60%,Fallout,RSBS WITHIN THE MONTH,RED TAG
B020L024,NOMA1,GAPAN,1,,Batch 5,CALISTA MID,44,40,"1,998,237.00",-,"1,998,237.00",Aug-27,60%,60%,Fallout,RSBS WITHIN THE MONTH,RED TAG
B020L025,NOMA1,GAPAN,1,,Batch 5,CALISTA MID,44,40,"1,998,237.00",-,"1,998,237.00",Aug-27,60%,60%,Fallout,RSBS WITHIN THE MONTH,RED TAG
B012L015,NOMA1,PANDI EXPANSION,4,A,Batch 1A,CALISTA MID,48,40,"2,551,615.00",-,"2,551,615.00",Jan-27,12%,12%,Fallout,MEMO TERM,YELLOW TAG
B021L096,SOMA1,NAIC,1,B,Batch 1,CALISTA MID,44,40,"2,285,098.00",-,"2,285,098.00",Oct-28,67%,60%,Fallout,RSBS WITHIN THE MONTH,RED TAG
B020L054,SOMA1,NAIC,1,A,Batch 3,CALISTA MID,55,40,"2,461,941.00",-,"2,461,941.00",Apr-28,12%,12%,Fallout,MEMO TERM,YELLOW TAG
B051L036,SOMA1,NAIC,2,A,Batch 4,CALISTA MID,44,40,"2,218,570",-,"2,218,570",May-27,3%,3%,Fallout,MEMO TERM,YELLOW TAG
B010L004,NOMA1,PANDI EXPANSION,4,A,Batch 2,CALISTA END,66,40,"3,220,870.00",-,"3,220,870.00",Mar-27,0%,0%,Fallout,MEMO TERM,YELLOW TAG
B020L042,NOMA1,GAPAN,1,,Batch 5,CALISTA MID,44,40,"1,940,047.00",-,"1,940,047.00",Dec-27,60%,60%,Fallout,RSBS WITHIN THE MONTH,YELLOW TAG
B009L010,NOMA1,PANDI EXPANSION,4,A,Batch 4,CALISTA END,75,40,"3,484,783.00",-,"3,484,783.00",May-27,0%,0%,Fallout,MEMO TERM,YELLOW TAG
B011L034,NOMA1,PANDI EXPANSION,4,A,Batch 4,CALISTA MID,44,40,"2,433,134.00",-,"2,433,134.00",Apr-27,0%,0%,Fallout,MEMO TERM,YELLOW TAG
B021L018,SOMA1,NAIC,1,B,Batch 1,CALISTA MID,44,40,"2,218,570.00",-,"2,218,570.00",Aug-28,60%,60%,Fallout,RSBS WITHIN THE MONTH,RED TAG
B023L029,SOMA1,NAIC,1,B,Batch 2,CALISTA MID,44,40,"2,218,570",-,"2,218,570",Dec-28,0%,0%,Fallout,MEMO TERM,YELLOW TAG
B020L008,SOMA1,NAIC,1,B,Batch 2,CALISTA MID,60,40,"2,593,069.00",-,"2,593,069.00",Sep-28,0%,0%,Fallout,MEMO TERM,YELLOW TAG
B029L005,NOMA1,GAPAN,1,,Batch 1,CALISTA MID,44,40,"1,969,092.00",-,"1,969,092.00",Jan-27,100%,80%,Fallout,RSBS WITHIN THE MONTH,RED TAG
B008L019,NOMA1,PANDI EXPANSION,4,A,Batch 4,CALISTA MID,48,40,"2,551,615.00",-,"2,551,615.00",May-27,0%,0%,Fallout,MEMO TERM,YELLOW TAG
B022L035,SOMA1,NAIC,1,B,Batch 2,CALISTA MID,44,40,"2,218,570.00",-,"2,218,570.00",Nov-28,0%,0%,Fallout,MEMO TERM,YELLOW TAG
B022L009,SOMA1,NAIC,1,B,Batch 2,CALISTA MID,44,40,"2,251,884",-,"2,251,884",Nov-28,0%,0%,Fallout,MEMO TERM,YELLOW TAG
B008L014,NOMA1,PANDI EXPANSION,4,A,Batch 4,CALISTA MID,48,40,"2,551,615",-,"2,551,615",May-27,0%,0%,Fallout,MEMO TERM,YELLOW TAG
B023L003,SOMA1,NAIC,1,B,Batch 1,CALISTA MID,44,40,"2,218,570",-,"2,218,570",Oct-28,0%,0%,Fallout,MEMO TERM,YELLOW TAG
B023L044,SOMA1,NAIC,1,B,Batch 1,CALISTA MID,44,40,"2,218,570.00",-,"2,218,570.00",Nov-28,0%,0%,Fallout,MEMO TERM,YELLOW TAG
B009L023,NOMA1,PANDI EXPANSION,4,A,Batch 4,CALISTA MID,48,40,"2,526,089.00",-,"2,526,089.00",Apr-27,0%,0%,Fallout,MEMO TERM,YELLOW TAG
B009L024,NOMA1,PANDI EXPANSION,4,A,Batch 4,CALISTA END,66,40,"3,220,870",-,"3,220,870",Apr-27,0%,0%,Fallout,MEMO TERM,YELLOW TAG
B016L032,NOMA1,PANDI EXPANSION,4,A,Batch 1B,CALISTA MID,48,40,"2,742,911.00",-,"2,742,911.00",Jan-27,0%,0%,Fallout,MEMO TERM,YELLOW TAG
B010L019,NOMA1,PANDI EXPANSION,4,A,Batch 2,CALISTA MID,48,40,"2,526,089",-,"2,526,089",Mar-27,0%,0%,Fallout,MEMO TERM,YELLOW TAG
B008L021,NOMA1,PANDI EXPANSION,4,A,Batch 4,CALISTA MID,48,40,"2,551,615",-,"2,551,615",May-27,0%,0%,Fallout,MEMO TERM,YELLOW TAG
B020L026,SOMA1,NAIC,1,B,Batch 2,CALISTA MID,50,40,"2,356,368.00",-,"2,356,368.00",Oct-28,0%,0%,Fallout,MEMO TERM,YELLOW TAG
B044L046,SOMA1,NAIC,2,A,Batch 5,CALISTA MID,50,40,"2,344,613.00",-,"2,344,613.00",Mar-27,12%,12%,Fallout,MEMO TERM,YELLOW TAG
B051L037,SOMA1,NAIC,2,A,Batch 4,CALISTA MID,44,40,"2,218,570.00",-,"2,218,570.00",May-27,3%,3%,Fallout,MEMO TERM,YELLOW TAG
B022L033,SOMA1,NAIC,1,B,Batch 2,CALISTA MID,44,40,"2,218,570.00",-,"2,218,570.00",Nov-28,0%,0%,Fallout,MEMO TERM,YELLOW TAG
B021L049,NOMA1,GAPAN,1,,Batch 5,CALISTA MID,44,40,"1,969,092.00",-,"1,969,092.00",Dec-27,60%,60%,Fallout,RSBS WITHIN THE MONTH,RED TAG
B003L032,NOMA1,BALIWAG EXPANSION,4,,Batch 1A,CALISTA END,146,40,"5,623,346.00",-,"5,623,346.00",Jul-27,0%,0%,Fallout,MEMO TERM,YELLOW TAG
B005L075,SOMA1,NAIC,1,B,Batch 1,CALISTA MID,50,40,"2,391,534.00",-,"2,391,534.00",Jul-28,65%,60%,Fallout,RSBS WITHIN THE MONTH,RED TAG
B011L036,NOMA1,PANDI EXPANSION,4,A,Batch 4,CALISTA MID,44,40,"2,433,134.00",-,"2,433,134.00",Apr-27,0%,0%,Fallout,MEMO TERM,YELLOW TAG
B020L055,NOMA1,GAPAN,1,,Batch 5,CALISTA MID,44,40,"1,940,047",-,"1,940,047",Feb-27,60%,60%,Fallout,RSBS WITHIN THE MONTH,YELLOW TAG
B011L010,NOMA1,PANDI EXPANSION,4,A,Batch 3,CALISTA MID,44,40,"2,433,134",-,"2,433,134",Mar-27,0%,0%,Fallout,MEMO TERM,YELLOW TAG
B009L018,NOMA1,PANDI EXPANSION,4,A,Batch 4,CALISTA MID,48,40,"2,526,089",-,"2,526,089",Apr-27,0%,0%,Fallout,MEMO TERM,YELLOW TAG
B011L033,NOMA1,PANDI EXPANSION,4,A,Batch 4,CALISTA MID,44,40,"2,433,134.00",-,"2,433,134.00",Apr-27,0%,0%,Fallout,MEMO TERM,YELLOW TAG
B008L022,NOMA1,PANDI EXPANSION,4,A,Batch 4,CALISTA MID,48,40,"2,551,615.00",-,"2,551,615.00",May-27,0%,0%,Fallout,MEMO TERM,YELLOW TAG
B010L016,NOMA1,PANDI EXPANSION,4,A,Batch 2,CALISTA MID,48,40,"2,526,089",-,"2,526,089",Mar-27,0%,0%,Fallout,MEMO TERM,YELLOW TAG
B023L009,SOMA1,NAIC,1,B,Batch 1,CALISTA MID,44,40,"2,218,570",-,"2,218,570",Oct-28,0%,0%,Fallout,MEMO TERM,YELLOW TAG
B023L028,SOMA1,NAIC,1,B,Batch 2,CALISTA MID,44,40,"2,218,570",-,"2,218,570",Dec-28,0%,0%,Fallout,MEMO TERM,YELLOW TAG
B023L035,SOMA1,NAIC,1,B,Batch 2,CALISTA MID,44,40,"2,218,570",-,"2,218,570",Jan-29,0%,0%,Fallout,MEMO TERM,YELLOW TAG
B021L012,NOMA1,GAPAN,1,,Batch 5,CALISTA MID,44,40,"1,998,237.00",-,"1,998,237.00",Feb-27,60%,60%,Fallout,RSBS WITHIN THE MONTH,RED TAG
B021L019,NOMA1,GAPAN,1,,Batch 5,CALISTA MID,44,40,"1,998,237.00",-,"1,998,237.00",Dec-26,60%,60%,Fallout,RSBS WITHIN THE MONTH,RED TAG
B016L030,NOMA1,PANDI EXPANSION,4,A,Batch 1B,CALISTA END,66,40,"3,490,633.00",-,"3,490,633.00",Jan-27,0%,0%,Fallout,MEMO TERM,YELLOW TAG
B009L007,NOMA1,PANDI EXPANSION,4,A,Batch 4,CALISTA MID,52,40,"2,643,372.00",-,"2,643,372.00",May-27,0%,0%,Fallout,MEMO TERM,YELLOW TAG
B020L055,SOMA1,NAIC,1,A,Batch 3,CALISTA MID,59,40,"2,546,459.00",-,"2,546,459.00",Apr-28,12%,12%,Fallout,MEMO TERM,YELLOW TAG
B020L006,SOMA1,NAIC,1,B,Batch 2,CALISTA END,176,40,"5,187,360.00",-,"5,187,360.00",Sep-28,0%,0%,Fallout,MEMO TERM,YELLOW TAG
B023L043,SOMA1,NAIC,1,B,Batch 1,CALISTA MID,44,40,"2,218,570.00",-,"2,218,570.00",Nov-28,0%,0%,Fallout,MEMO TERM,YELLOW TAG
B020L017,SOMA1,NAIC,1,B,Batch 2,CALISTA MID,53,40,"2,419,732.00",-,"2,419,732.00",Oct-28,0%,0%,Fallout,MEMO TERM,YELLOW TAG
B022L016,SOMA1,NAIC,1,B,Batch 2,CALISTA END CORNER,162,40,"4,904,963.00",-,"4,904,963.00",Jan-29,0%,0%,Fallout,MEMO TERM,YELLOW TAG
B058L001,SOMA1,NAIC,2,A,Batch 1,CALISTA END CORNER,135,40,"4,265,669.00",-,"4,265,669.00",May-26,12%,12%,Cancelled,RSBS WITHIN THE MONTH,YELLOW TAG
B012L011,NOMA1,PANDI EXPANSION,4,A,Batch 1A,CALISTA MID,48,40,"2,551,615.00",-,"2,551,615.00",Jan-27,3%,3%,Fallout,MEMO TERM,YELLOW TAG
B023L027,SOMA1,NAIC,1,B,Batch 2,CALISTA MID,44,40,"2,218,570.00",-,"2,218,570.00",Dec-28,0%,0%,Fallout,MEMO TERM,YELLOW TAG
B023L046,SOMA1,NAIC,1,B,Batch 1,CALISTA MID,44,40,"2,218,570.00",-,"2,218,570.00",Nov-28,0%,0%,Fallout,MEMO TERM,YELLOW TAG
B009L017,NOMA1,PANDI EXPANSION,4,A,Batch 4,CALISTA MID,48,40,"2,526,089.00",-,"2,526,089.00",Apr-27,0%,0%,Fallout,MEMO TERM,YELLOW TAG
B028L044,SOMA1,IMPRESSIONS GEN TRI,1,,Batch 1,CALISTA END CORNER,128,40,"5,647,237.45","564,732.58","5,082,504.86",Oct-27,0%,0%,Fallout,MEMO TERM,YELLOW TAG
B050L049,SOMA1,NAIC,2,A,Batch 3,CALISTA MID,44,40,"2,218,570.00",-,"2,218,570.00",Nov-26,12%,12%,Fallout,MEMO TERM,YELLOW TAG
B043L027,SOMA1,NAIC,2,A,Batch 5,CALISTA MID,61,40,"2,549,992.00",-,"2,549,992.00",Feb-27,0%,0%,Fallout,MEMO TERM,YELLOW TAG
B013L016,NOMA1,PANDI EXPANSION,4,A,Batch 1A,CALISTA END CORNER,125,40,"4,999,840.00",-,"4,999,840.00",Mar-27,3%,3%,Fallout,MEMO TERM,YELLOW TAG
B020L059,NOMA1,GAPAN,1,,Batch 5,CALISTA MID,44,40,"1,940,047.00",-,"1,940,047.00",Oct-26,60%,60%,Fallout,RSBS WITHIN THE MONTH,YELLOW TAG
B011L009,NOMA1,PANDI EXPANSION,4,A,Batch 3,CALISTA MID,44,40,"2,433,134.00",-,"2,433,134.00",Mar-27,0%,0%,Fallout,MEMO TERM,YELLOW TAG
B043L029,SOMA1,NAIC,2,A,B5,CALISTA MID,60,40,"2,529,230.00",,"2,529,230.00",Feb-27,0%,0%,OPEN,MEMO TERM,YELLOW TAG
B010L020,NOMA1,PANDI EXPANSION,4,A,2,CALISTA END,66,40,"3,220,870.00",,"3,220,870.00",Mar-27,0%,0%,REOPEN,RSBS WITHIN THE MONTH,YELLOW TAG
B004L023,NOMA1,BALIWAG,3,B,B1,CALISTA MID,46,41,"2,614,301.21",-,"2,614,301.21",Aug-27,0%,0%,OPEN,MEMO TERM,YELLOW TAG
B004L026,NOMA1,BALIWAG,3,B,B1,CALISTA MID,46,41,"2,614,301.21",-,"2,614,301.21",Aug-27,0%,0%,OPEN,MEMO TERM,YELLOW TAG
B004L027,NOMA1,BALIWAG,3,B,B1,CALISTA MID,46,41,"2,614,301.21",-,"2,614,301.21",Aug-27,0%,0%,OPEN,MEMO TERM,YELLOW TAG
B004L030,NOMA1,BALIWAG,3,B,B1,CALISTA MID,46,41,"2,614,301.21",-,"2,614,301.21",Aug-27,0%,0%,OPEN,MEMO TERM,YELLOW TAG
B004L031,NOMA1,BALIWAG,3,B,B1,CALISTA MID,46,41,"2,614,301.21",-,"2,614,301.21",Aug-27,0%,0%,OPEN,MEMO TERM,YELLOW TAG
B004L032,NOMA1,BALIWAG,3,B,B1,CALISTA MID,46,41,"2,614,301.21",-,"2,614,301.21",Aug-27,0%,0%,OPEN,MEMO TERM,YELLOW TAG
B004L033,NOMA1,BALIWAG,3,B,B1,CALISTA MID,46,41,"2,614,301.21",-,"2,614,301.21",Aug-27,0%,0%,OPEN,MEMO TERM,YELLOW TAG
B004L051,NOMA1,BALIWAG,3,B,B1,CALISTA MID,44,41,"2,490,191.00",-,"2,490,191.00",Aug-27,0%,0%,OPEN,MEMO TERM,YELLOW TAG
B004L052,NOMA1,BALIWAG,3,B,B1,CALISTA MID,44,41,"2,490,191.00",-,"2,490,191.00",Aug-27,0%,0%,OPEN,MEMO TERM,YELLOW TAG
B001L004,NOMA1,BALIWAG,3,C,B1,UNNA REGULAR,151,54,"7,276,960.02","715,774.29","6,561,185.73",Jul-27,0%,0%,OPEN,MEMO TERM,YELLOW TAG
B001L008,NOMA1,BALIWAG,3,C,B1,UNNA CORNER,102,54,"6,699,746.31","658,997.82","6,040,748.49",Sep-27,0%,0%,OPEN,MEMO TERM,YELLOW TAG
B001L012,NOMA1,BALIWAG,3,C,B1,UNNA CORNER,113,54,"6,315,513.81","621,205.05","5,694,308.76",Sep-27,0%,0%,OPEN,MEMO TERM,YELLOW TAG
B002L001,NOMA1,BALIWAG,3,C,B1,UNNA REGULAR,141,54,"6,942,134.83","682,835.88","6,259,298.96",Jul-27,0%,0%,OPEN,MEMO TERM,YELLOW TAG
B029L007,NOMA1,GAPAN,1,,1,CALISTA MID,44,40,"1,969,092.00",-,"1,969,092.00",Dec-26,100%,80%,Fallout,RSBS WITHIN THE MONTH,RED TAG
B037L017,SOMA1,NAIC,2,B,B3,CALISTA MID,44,40,"2,251,884.00",-,"2,251,884.00",Mar-26,100%,80%,Cancelled,RSBS WITHIN THE MONTH/SHOULD BE WITH RF AND SPOT DP UPON HOLDING,RED TAG
B013L005,NOMA1,PANDI EXPANSION,4,A,1A,CALISTA MID,44,40,"2,433,134.00",-,"2,433,134.00",Jan-27,3%,3%,Backout,RSBS WITHIN THE MONTH/SHOULD BE WITH RF AND SPOT DP UPON HOLDING,YELLOW TAG
B009L007,NOMA1,BALIWAG EXPANSION,5,,3,CALISTA END,66,40,"3,299,878.00",-,"3,299,878.00",May-28,0%,0%,Transferred / MEMO term,MEMO TERM,YELLOW TAG
B009L027,NOMA1,BALIWAG EXPANSION,5,,3,CALISTA END,66,40,"3,299,878",-,"3,299,878",Sep-27,0%,0%,Transferred / MEMO term,MEMO TERM,YELLOW TAG
B029L007,NOMA1,GAPAN,1,,Batch 1,CALISTA MID,44,40,"1,969,092",-,"1,969,092",Dec-26,100%,80%,Fallout,RSBS WITHIN THE MONTH,RED TAG
B029L006,NOMA1,GAPAN,1,,Batch 1,CALISTA MID,44,40,"1,969,092.00",-,"1,969,092.00",Jun-26,100%,80%,Fallout,RSBS WITHIN THE MONTH,RED TAG
B007L037,NOMA1,BALIWAG EXPANSION,5,,3,CALISTA MID,44,40,"2,506,224.00",-,"2,506,224.00",Aug-27,0%,0%,MEMO TERM,MEMO TERM,YELLOW TAG
