UNIT CODE,GEO,PROJECT,PHASE,SUB PHASE,BATCH,UNIT TYPE,LOT AREA,FLOOR AREA,TCP,VAT,TCP w/o VAT,ESTIMATED TURNOVER,HOUSE CON,INVENTORY STATUS,HOLDING STATUS,HOUSE TAGGING,,,,
B024L044,VISMIN,BACOLOD,1,A,2,AMANI END,157,36,"3,359,781.43",-,"3,359,781.43",Jan-2026,100%,REOPEN,RSBS WITHI THIS MONTH,RED TAGGING,,,,
B030L002,VISMIN,BACOLOD,1,A,5,AMANI END,161,36,"3,593,445.34",-,"3,593,445.34",Oct-2026,0%,OPEN,MEMO TERMS,YELLOW TAGGING,,,,
B032L008,VISMIN,BACOLOD,1,A,5,AMANI END,142,36,"3,328,360.61",-,"3,328,360.61",Dec-2026,12%,OPEN,MEMO TERMS,YELLOW TAGGING,,,,
B033L001,VISMIN,BACOLOD,1,A,5,AMANI END CORNER,210,36,"4,371,998.44",-,"4,371,998.44",Dec-2026,0%,OPEN,MEMO TERMS,YELLOW TAGGING,,,,
B033L002,VISMIN,BACOLOD,1,A,5,AMANI END,153,36,"3,450,822.75",-,"3,450,822.75",Dec-2026,0%,OPEN,MEMO TERMS,YELLOW TAGGING,,,,
B034L004,VISMIN,BACOLOD,1,A,5,AMANI END,127,36,"3,045,124.69",-,"3,045,124.69",Dec-2026,0%,REOPEN,RSBS WITHI THIS MONTH,YELLOW TAGGING,,,,
B034L008,VISMIN,BACOLOD,1,A,5,AMANI END,175,36,"3,850,932.04",-,"3,850,932.04",Dec-2026,0%,OPEN,MEMO TERMS,YELLOW TAGGING,,,,
B035L005,VISMIN,BACOLOD,1,A,5,AMANI MID,83,36,"2,287,732.36",-,"2,287,732.36",Nov-2026,5%,OPEN,MEMO TERMS,YELLOW TAGGING,,,,
B036L011,VISMIN,BACOLOD,1,A,5,AMANI END,82,36,"2,389,942.14",-,"2,389,942.14",Dec-2026,0%,REOPEN,RSBS WITHI THIS MONTH,YELLOW TAGGING,,,,
B036L012,VISMIN,BACOLOD,1,A,5,AMANI END,136,36,"3,249,232.19",-,"3,249,232.19",Dec-2026,0%,OPEN,MEMO TERMS,YELLOW TAGGING,,,,
B019L061,VISMIN,BACOLOD,1,A,7,AMANI MID,58,36,"1,974,504.89",-,"1,974,504.89",Jun-2027,12%,REOPEN,RSBS WITHI THIS MONTH,YELLOW TAGGING,,,,
B019L091,VISMIN,BACOLOD,1,A,7,AMANI MID,58,36,"1,974,504.89",-,"1,974,504.89",May-2027,12%,OPEN,MEMO TERMS,YELLOW TAGGING,,,,
B019L092,VISMIN,BACOLOD,1,A,7,AMANI MID,58,36,"1,974,504.89",-,"1,974,504.89",May-2027,12%,OPEN,MEMO TERMS,YELLOW TAGGING,,,,
B019L093,VISMIN,BACOLOD,1,A,7,AMANI MID,58,36,"1,974,504.89",-,"1,974,504.89",May-2027,12%,OPEN,MEMO TERMS,YELLOW TAGGING,,,,
B019L096,VISMIN,BACOLOD,1,A,7,AMANI MID,58,36,"1,974,504.89",-,"1,974,504.89",May-2027,12%,OPEN,MEMO TERMS,YELLOW TAGGING,,,,
B019L097,VISMIN,BACOLOD,1,A,7,AMANI MID,58,36,"1,974,504.89",-,"1,974,504.89",May-2027,12%,OPEN,MEMO TERMS,YELLOW TAGGING,,,,
B019L098,VISMIN,BACOLOD,1,A,7,AMANI MID,58,36,"1,974,504.89",-,"1,974,504.89",May-2027,12%,OPEN,MEMO TERMS,YELLOW TAGGING,,,,
B019L099,VISMIN,BACOLOD,1,A,7,AMANI MID,58,36,"1,974,504.89",-,"1,974,504.89",May-2027,12%,OPEN,MEMO TERMS,YELLOW TAGGING,,,,
B020L036,VISMIN,BACOLOD,1,A,7,AMANI END CORNER,117,36,"3,069,033.40",-,"3,069,033.40",Apr-2027,12%,REOPEN,RSBS WITHI THIS MONTH,YELLOW TAGGING,,,,
B015L002,VISMIN,BACOLOD,1,A,8,AMANI MID,60,36,"2,067,494.86",-,"2,067,494.86",Aug-2027,3%,REOPEN,RSBS WITHI THIS MONTH,YELLOW TAGGING,,,,
B015L006,VISMIN,BACOLOD,1,A,8,AMANI MID,61,36,"2,084,178.83",-,"2,084,178.83",Aug-2027,3%,OPEN,MEMO TERMS,YELLOW TAGGING,,,,
B015L008,VISMIN,BACOLOD,1,A,8,AMANI END CORNER,113,36,"3,063,532.17",-,"3,063,532.17",Aug-2027,3%,REOPEN,RSBS WITHI THIS MONTH,YELLOW TAGGING,,,,
B015L011,VISMIN,BACOLOD,1,A,8,AMANI MID,64,36,"2,134,430.76",-,"2,134,430.76",Aug-2027,3%,OPEN,MEMO TERMS,YELLOW TAGGING,,,,
B015L012,VISMIN,BACOLOD,1,A,8,AMANI MID,64,36,"2,134,430.76",-,"2,134,430.76",Aug-2027,3%,OPEN,MEMO TERMS,YELLOW TAGGING,,,,
B015L013,VISMIN,BACOLOD,1,A,8,AMANI MID,64,36,"2,134,430.76",-,"2,134,430.76",Aug-2027,3%,OPEN,MEMO TERMS,YELLOW TAGGING,,,,
B015L014,VISMIN,BACOLOD,1,A,8,AMANI END,88,36,"2,611,728.72",-,"2,611,728.72",Aug-2027,3%,REOPEN,RSBS WITHI THIS MONTH,YELLOW TAGGING,,,,
B016L001,VISMIN,BACOLOD,1,A,8,AMANI END,185,36,"4,192,150.77",-,"4,192,150.77",Jul-2027,3%,OPEN,MEMO TERMS,YELLOW TAGGING,,,,
B016L006,VISMIN,BACOLOD,1,A,8,AMANI MID,56,36,"1,980,908.14",-,"1,980,908.14",Jul-2027,12%,OPEN,MEMO TERMS,YELLOW TAGGING,,,,
B016L007,VISMIN,BACOLOD,1,A,8,AMANI MID,56,36,"1,980,908.14",-,"1,980,908.14",Jul-2027,12%,OPEN,MEMO TERMS,YELLOW TAGGING,,,,
B016L008,VISMIN,BACOLOD,1,A,8,AMANI MID,56,36,"1,980,908.14",-,"1,980,908.14",Jul-2027,12%,OPEN,MEMO TERMS,YELLOW TAGGING,,,,
B017L011,VISMIN,BACOLOD,1,A,8,AMANI MID,40,36,"1,733,015.39",-,"1,733,015.39",Jul-2027,0%,REOPEN,RSBS WITHI THIS MONTH,YELLOW TAGGING,,,,
B019L053,VISMIN,BACOLOD,1,A,8,AMANI MID,76,36,"2,312,036.58",-,"2,312,036.58",Aug-2027,65%,OPEN,MEMO TERMS,YELLOW TAGGING,,,,
B019L054,VISMIN,BACOLOD,1,A,8,AMANI MID,76,36,"2,312,036.58",-,"2,312,036.58",Aug-2027,65%,OPEN,MEMO TERMS,YELLOW TAGGING,,,,
B039L005,VISMIN,ILOILO,1,,1,AMANI MID,40,36,"1,549,000.29",-,"1,549,000.29",,0%,OPEN,MEMO TERMS,YELLOW TAGGING,,,,
B039L006,VISMIN,ILOILO,1,,1,AMANI MID,40,36,"1,549,000.29",-,"1,549,000.29",,0%,OPEN,MEMO TERMS,YELLOW TAGGING,,,,
B039L007,VISMIN,ILOILO,1,,1,AMANI MID,40,36,"1,549,000.29",-,"1,549,000.29",,0%,OPEN,MEMO TERMS,YELLOW TAGGING,,,,
B039L010,VISMIN,ILOILO,1,,1,AMANI MID,40,36,"1,549,000.29",-,"1,549,000.29",,0%,OPEN,MEMO TERMS,YELLOW TAGGING,,,,
B039L011,VISMIN,ILOILO,1,,1,AMANI MID,40,36,"1,549,000.29",-,"1,549,000.29",,0%,OPEN,MEMO TERMS,YELLOW TAGGING,,,,
B039L012,VISMIN,ILOILO,1,,1,AMANI MID,40,36,"1,549,000.29",-,"1,549,000.29",,0%,OPEN,MEMO TERMS,YELLOW TAGGING,,,,
B039L013,VISMIN,ILOILO,1,,1,AMANI MID,40,36,"1,549,000.29",-,"1,549,000.29",,0%,OPEN,MEMO TERMS,YELLOW TAGGING,,,,
B039L020,VISMIN,ILOILO,1,,1,AMANI MID,40,36,"1,549,000.29",-,"1,549,000.29",,0%,OPEN,MEMO TERMS,YELLOW TAGGING,,,,
B040L005,VISMIN,ILOILO,1,,1,AMANI MID,40,36,"1,549,000.29",-,"1,549,000.29",,0%,OPEN,MEMO TERMS,YELLOW TAGGING,,,,
B040L006,VISMIN,ILOILO,1,,1,AMANI MID,40,36,"1,549,000.29",-,"1,549,000.29",,0%,OPEN,MEMO TERMS,YELLOW TAGGING,,,,
B040L011,VISMIN,ILOILO,1,,1,AMANI MID,40,36,"1,549,000.29",-,"1,549,000.29",,0%,OPEN,MEMO TERMS,YELLOW TAGGING,,,,
B040L012,VISMIN,ILOILO,1,,1,AMANI MID,40,36,"1,549,000.29",-,"1,549,000.29",,0%,OPEN,MEMO TERMS,YELLOW TAGGING,,,,
B040L022,VISMIN,ILOILO,1,,1,AMANI MID,40,36,"1,549,000.29",-,"1,549,000.29",,0%,OPEN,MEMO TERMS,YELLOW TAGGING,,,,
B041L004,VISMIN,ILOILO,1,,1,AMANI MID,40,36,"1,549,000.29",-,"1,549,000.29",,0%,OPEN,MEMO TERMS,YELLOW TAGGING,,,,
B041L005,VISMIN,ILOILO,1,,1,AMANI MID,40,36,"1,549,000.29",-,"1,549,000.29",,0%,OPEN,MEMO TERMS,YELLOW TAGGING,,,,
B041L006,VISMIN,ILOILO,1,,1,AMANI MID,40,36,"1,549,000.29",-,"1,549,000.29",,0%,OPEN,MEMO TERMS,YELLOW TAGGING,,,,
B041L007,VISMIN,ILOILO,1,,1,AMANI MID,40,36,"1,549,000.29",-,"1,549,000.29",,0%,OPEN,MEMO TERMS,YELLOW TAGGING,,,,
B041L008,VISMIN,ILOILO,1,,1,AMANI MID,40,36,"1,549,000.29",-,"1,549,000.29",,0%,OPEN,MEMO TERMS,YELLOW TAGGING,,,,
B041L009,VISMIN,ILOILO,1,,1,AMANI MID,40,36,"1,549,000.29",-,"1,549,000.29",,0%,OPEN,MEMO TERMS,YELLOW TAGGING,,,,
B041L010,VISMIN,ILOILO,1,,1,AMANI MID,40,36,"1,549,000.29",-,"1,549,000.29",,0%,OPEN,MEMO TERMS,YELLOW TAGGING,,,,
B041L011,VISMIN,ILOILO,1,,1,AMANI MID,40,36,"1,549,000.29",-,"1,549,000.29",,0%,OPEN,MEMO TERMS,YELLOW TAGGING,,,,
B041L014,VISMIN,ILOILO,1,,1,AMANI MID,40,36,"1,549,000.29",-,"1,549,000.29",,0%,OPEN,MEMO TERMS,YELLOW TAGGING,,,,
B041L015,VISMIN,ILOILO,1,,1,AMANI MID,40,36,"1,549,000.29",-,"1,549,000.29",,0%,OPEN,MEMO TERMS,YELLOW TAGGING,,,,
B041L024,VISMIN,ILOILO,1,,1,AMANI MID,40,36,"1,549,000.29",-,"1,549,000.29",,0%,OPEN,MEMO TERMS,YELLOW TAGGING,,,,
B041L025,VISMIN,ILOILO,1,,1,AMANI MID,40,36,"1,549,000.29",-,"1,549,000.29",,0%,OPEN,MEMO TERMS,YELLOW TAGGING,,,,
B041L026,VISMIN,ILOILO,1,,1,AMANI MID,40,36,"1,549,000.29",-,"1,549,000.29",,0%,OPEN,MEMO TERMS,YELLOW TAGGING,,,,
B041L027,VISMIN,ILOILO,1,,1,AMANI MID,40,36,"1,549,000.29",-,"1,549,000.29",,0%,OPEN,MEMO TERMS,YELLOW TAGGING,,,,
B041L028,VISMIN,ILOILO,1,,1,AMANI MID,40,36,"1,549,000.29",-,"1,549,000.29",,0%,OPEN,MEMO TERMS,YELLOW TAGGING,,,,
B041L029,VISMIN,ILOILO,1,,1,AMANI MID,40,36,"1,549,000.29",-,"1,549,000.29",,0%,OPEN,MEMO TERMS,YELLOW TAGGING,,,,
B041L030,VISMIN,ILOILO,1,,1,AMANI MID,40,36,"1,549,000.29",-,"1,549,000.29",,0%,OPEN,MEMO TERMS,YELLOW TAGGING,,,,
B041L031,VISMIN,ILOILO,1,,1,AMANI MID,40,36,"1,549,000.29",-,"1,549,000.29",,0%,OPEN,MEMO TERMS,YELLOW TAGGING,,,,
B041L032,VISMIN,ILOILO,1,,1,AMANI MID,40,36,"1,549,000.29",-,"1,549,000.29",,0%,OPEN,MEMO TERMS,YELLOW TAGGING,,,,
B041L033,VISMIN,ILOILO,1,,1,AMANI MID,40,36,"1,549,000.29",-,"1,549,000.29",,0%,OPEN,MEMO TERMS,YELLOW TAGGING,,,,
B041L034,VISMIN,ILOILO,1,,1,AMANI MID,40,36,"1,549,000.29",-,"1,549,000.29",,0%,OPEN,MEMO TERMS,YELLOW TAGGING,,,,
B042L004,VISMIN,ILOILO,1,,1,AMANI MID,40,36,"1,549,000.29",-,"1,549,000.29",,0%,OPEN,MEMO TERMS,YELLOW TAGGING,,,,
B042L005,VISMIN,ILOILO,1,,1,AMANI MID,40,36,"1,549,000.29",-,"1,549,000.29",,0%,OPEN,MEMO TERMS,YELLOW TAGGING,,,,
B042L006,VISMIN,ILOILO,1,,1,AMANI MID,40,36,"1,549,000.29",-,"1,549,000.29",,0%,OPEN,MEMO TERMS,YELLOW TAGGING,,,,
B042L007,VISMIN,ILOILO,1,,1,AMANI MID,40,36,"1,549,000.29",-,"1,549,000.29",,0%,OPEN,MEMO TERMS,YELLOW TAGGING,,,,
B042L008,VISMIN,ILOILO,1,,1,AMANI MID,40,36,"1,549,000.29",-,"1,549,000.29",,0%,OPEN,MEMO TERMS,YELLOW TAGGING,,,,
B042L009,VISMIN,ILOILO,1,,1,AMANI MID,40,36,"1,549,000.29",-,"1,549,000.29",,0%,OPEN,MEMO TERMS,YELLOW TAGGING,,,,
B042L010,VISMIN,ILOILO,1,,1,AMANI MID,40,36,"1,549,000.29",-,"1,549,000.29",,0%,OPEN,MEMO TERMS,YELLOW TAGGING,,,,
B042L011,VISMIN,ILOILO,1,,1,AMANI MID,40,36,"1,549,000.29",-,"1,549,000.29",,0%,OPEN,MEMO TERMS,YELLOW TAGGING,,,,
B042L012,VISMIN,ILOILO,1,,1,AMANI MID,40,36,"1,549,000.29",-,"1,549,000.29",,0%,OPEN,MEMO TERMS,YELLOW TAGGING,,,,
B042L019,VISMIN,ILOILO,1,,1,AMANI MID,40,36,"1,549,000.29",-,"1,549,000.29",,0%,OPEN,MEMO TERMS,YELLOW TAGGING,,,,
B042L020,VISMIN,ILOILO,1,,1,AMANI MID,40,36,"1,549,000.29",-,"1,549,000.29",,0%,OPEN,MEMO TERMS,YELLOW TAGGING,,,,
B042L021,VISMIN,ILOILO,1,,1,AMANI MID,40,36,"1,549,000.29",-,"1,549,000.29",,0%,OPEN,MEMO TERMS,YELLOW TAGGING,,,,
B042L022,VISMIN,ILOILO,1,,1,AMANI MID,40,36,"1,549,000.29",-,"1,549,000.29",,0%,OPEN,MEMO TERMS,YELLOW TAGGING,,,,
B042L024,VISMIN,ILOILO,1,,1,AMANI MID,40,36,"1,549,000.29",-,"1,549,000.29",,0%,OPEN,MEMO TERMS,YELLOW TAGGING,,,,
B042L028,VISMIN,ILOILO,1,,2,AMANI MID,40,36,"1,725,983.26",-,"1,725,983.26",,0%,OPEN,MEMO TERMS,YELLOW TAGGING,,,,
B042L029,VISMIN,ILOILO,1,,2,AMANI MID,40,36,"1,725,983.26",-,"1,725,983.26",,0%,OPEN,MEMO TERMS,YELLOW TAGGING,,,,
B042L030,VISMIN,ILOILO,1,,2,AMANI MID,40,36,"1,725,983.26",-,"1,725,983.26",,0%,OPEN,MEMO TERMS,YELLOW TAGGING,,,,
B042L031,VISMIN,ILOILO,1,,2,AMANI MID,40,36,"1,725,983.26",-,"1,725,983.26",,0%,OPEN,MEMO TERMS,YELLOW TAGGING,,,,
B042L032,VISMIN,ILOILO,1,,2,AMANI MID,40,36,"1,725,983.26",-,"1,725,983.26",,0%,OPEN,MEMO TERMS,YELLOW TAGGING,,,,
B042L033,VISMIN,ILOILO,1,,2,AMANI MID,40,36,"1,725,983.26",-,"1,725,983.26",,0%,OPEN,MEMO TERMS,YELLOW TAGGING,,,,
B042L034,VISMIN,ILOILO,1,,2,AMANI MID,40,36,"1,725,983.26",-,"1,725,983.26",,0%,OPEN,MEMO TERMS,YELLOW TAGGING,,,,
B042L035,VISMIN,ILOILO,1,,2,AMANI MID,40,36,"1,725,983.26",-,"1,725,983.26",,0%,OPEN,MEMO TERMS,YELLOW TAGGING,,,,
B042L036,VISMIN,ILOILO,1,,2,AMANI MID,40,36,"1,725,983.26",-,"1,725,983.26",,0%,OPEN,MEMO TERMS,YELLOW TAGGING,,,,
B042L037,VISMIN,ILOILO,1,,2,AMANI MID,40,36,"1,725,983.26",-,"1,725,983.26",,0%,OPEN,MEMO TERMS,YELLOW TAGGING,,,,
B042L038,VISMIN,ILOILO,1,,2,AMANI MID,40,36,"1,725,983.26",-,"1,725,983.26",,0%,OPEN,MEMO TERMS,YELLOW TAGGING,,,,
B042L041,VISMIN,ILOILO,1,,2,AMANI MID,40,36,"1,725,983.26",-,"1,725,983.26",,0%,OPEN,MEMO TERMS,YELLOW TAGGING,,,,
B042L042,VISMIN,ILOILO,1,,2,AMANI MID,40,36,"1,725,983.26",-,"1,725,983.26",,0%,OPEN,MEMO TERMS,YELLOW TAGGING,,,,
B042L043,VISMIN,ILOILO,1,,2,AMANI MID,40,36,"1,725,983.26",-,"1,725,983.26",,0%,OPEN,MEMO TERMS,YELLOW TAGGING,,,,
B042L044,VISMIN,ILOILO,1,,2,AMANI MID,40,36,"1,725,983.26",-,"1,725,983.26",,0%,OPEN,MEMO TERMS,YELLOW TAGGING,,,,
B042L045,VISMIN,ILOILO,1,,2,AMANI MID,40,36,"1,725,983.26",-,"1,725,983.26",,0%,OPEN,MEMO TERMS,YELLOW TAGGING,,,,
B042L046,VISMIN,ILOILO,1,,2,AMANI MID,40,36,"1,725,983.26",-,"1,725,983.26",,0%,OPEN,MEMO TERMS,YELLOW TAGGING,,,,
B042L047,VISMIN,ILOILO,1,,2,AMANI MID,40,36,"1,725,983.26",-,"1,725,983.26",,0%,OPEN,MEMO TERMS,YELLOW TAGGING,,,,
B042L048,VISMIN,ILOILO,1,,2,AMANI MID,40,36,"1,725,983.26",-,"1,725,983.26",,0%,OPEN,MEMO TERMS,YELLOW TAGGING,,,,
B042L049,VISMIN,ILOILO,1,,2,AMANI MID,40,36,"1,725,983.26",-,"1,725,983.26",,0%,OPEN,MEMO TERMS,YELLOW TAGGING,,,,
B042L050,VISMIN,ILOILO,1,,2,AMANI MID,40,36,"1,725,983.26",-,"1,725,983.26",,0%,OPEN,MEMO TERMS,YELLOW TAGGING,,,,
B042L051,VISMIN,ILOILO,1,,2,AMANI MID,40,36,"1,725,983.26",-,"1,725,983.26",,0%,OPEN,MEMO TERMS,YELLOW TAGGING,,,,
B042L052,VISMIN,ILOILO,1,,2,AMANI MID,40,36,"1,725,983.26",-,"1,725,983.26",,0%,OPEN,MEMO TERMS,YELLOW TAGGING,,,,
B043L002,VISMIN,ILOILO,1,,2,AMANI MID,44,36,"1,778,249.34",-,"1,778,249.34",,0%,OPEN,MEMO TERMS,YELLOW TAGGING,,,,
B043L003,VISMIN,ILOILO,1,,2,AMANI MID,44,36,"1,778,249.34",-,"1,778,249.34",,0%,OPEN,MEMO TERMS,YELLOW TAGGING,,,,
B043L004,VISMIN,ILOILO,1,,2,AMANI MID,44,36,"1,778,249.34",-,"1,778,249.34",,0%,OPEN,MEMO TERMS,YELLOW TAGGING,,,,
B043L005,VISMIN,ILOILO,1,,2,AMANI MID,44,36,"1,778,249.34",-,"1,778,249.34",,0%,OPEN,MEMO TERMS,YELLOW TAGGING,,,,
B043L006,VISMIN,ILOILO,1,,2,AMANI MID,44,36,"1,778,249.34",-,"1,778,249.34",,0%,OPEN,MEMO TERMS,YELLOW TAGGING,,,,
B043L007,VISMIN,ILOILO,1,,2,AMANI MID,44,36,"1,778,249.34",-,"1,778,249.34",,0%,OPEN,MEMO TERMS,YELLOW TAGGING,,,,
B043L008,VISMIN,ILOILO,1,,2,AMANI MID,44,36,"1,778,249.34",-,"1,778,249.34",,0%,OPEN,MEMO TERMS,YELLOW TAGGING,,,,
B043L009,VISMIN,ILOILO,1,,2,AMANI MID,44,36,"1,778,249.34",-,"1,778,249.34",,0%,OPEN,MEMO TERMS,YELLOW TAGGING,,,,
B043L010,VISMIN,ILOILO,1,,2,AMANI MID,44,36,"1,778,249.34",-,"1,778,249.34",,0%,OPEN,MEMO TERMS,YELLOW TAGGING,,,,
B043L011,VISMIN,ILOILO,1,,2,AMANI MID,44,36,"1,778,249.34",-,"1,778,249.34",,0%,OPEN,MEMO TERMS,YELLOW TAGGING,,,,
B043L012,VISMIN,ILOILO,1,,2,AMANI MID,44,36,"1,778,249.34",-,"1,778,249.34",,0%,OPEN,MEMO TERMS,YELLOW TAGGING,,,,
B043L013,VISMIN,ILOILO,1,,2,AMANI MID,44,36,"1,778,249.34",-,"1,778,249.34",,0%,OPEN,MEMO TERMS,YELLOW TAGGING,,,,
B043L016,VISMIN,ILOILO,1,,2,AMANI MID,44,36,"1,778,249.34",-,"1,778,249.34",,0%,OPEN,MEMO TERMS,YELLOW TAGGING,,,,
B043L017,VISMIN,ILOILO,1,,2,AMANI MID,44,36,"1,778,249.34",-,"1,778,249.34",,0%,OPEN,MEMO TERMS,YELLOW TAGGING,,,,
B043L018,VISMIN,ILOILO,1,,2,AMANI MID,44,36,"1,778,249.34",-,"1,778,249.34",,0%,OPEN,MEMO TERMS,YELLOW TAGGING,,,,
B043L019,VISMIN,ILOILO,1,,2,AMANI MID,44,36,"1,778,249.34",-,"1,778,249.34",,0%,OPEN,MEMO TERMS,YELLOW TAGGING,,,,
B043L020,VISMIN,ILOILO,1,,2,AMANI MID,44,36,"1,778,249.34",-,"1,778,249.34",,0%,OPEN,MEMO TERMS,YELLOW TAGGING,,,,
B043L021,VISMIN,ILOILO,1,,2,AMANI MID,44,36,"1,778,249.34",-,"1,778,249.34",,0%,OPEN,MEMO TERMS,YELLOW TAGGING,,,,
B043L022,VISMIN,ILOILO,1,,2,AMANI MID,44,36,"1,778,249.34",-,"1,778,249.34",,0%,OPEN,MEMO TERMS,YELLOW TAGGING,,,,
B043L023,VISMIN,ILOILO,1,,2,AMANI MID,44,36,"1,778,249.34",-,"1,778,249.34",,0%,OPEN,MEMO TERMS,YELLOW TAGGING,,,,
B043L026,VISMIN,ILOILO,1,,2,AMANI MID,44,36,"1,778,249.34",-,"1,778,249.34",,0%,OPEN,MEMO TERMS,YELLOW TAGGING,,,,
B043L029,VISMIN,ILOILO,1,,2,AMANI MID,44,36,"1,778,249.34",-,"1,778,249.34",,0%,OPEN,MEMO TERMS,YELLOW TAGGING,,,,
B043L030,VISMIN,ILOILO,1,,2,AMANI MID,44,36,"1,778,249.34",-,"1,778,249.34",,0%,OPEN,MEMO TERMS,YELLOW TAGGING,,,,
B043L031,VISMIN,ILOILO,1,,2,AMANI MID,44,36,"1,778,249.34",-,"1,778,249.34",,0%,OPEN,MEMO TERMS,YELLOW TAGGING,,,,
B043L032,VISMIN,ILOILO,1,,2,AMANI MID,44,36,"1,778,249.34",-,"1,778,249.34",,0%,OPEN,MEMO TERMS,YELLOW TAGGING,,,,
B044L004,VISMIN,ILOILO,1,,2,AMANI MID,44,36,"1,778,249.34",-,"1,778,249.34",,0%,OPEN,MEMO TERMS,YELLOW TAGGING,,,,
B044L005,VISMIN,ILOILO,1,,2,AMANI MID,44,36,"1,778,249.34",-,"1,778,249.34",,0%,OPEN,MEMO TERMS,YELLOW TAGGING,,,,
B044L006,VISMIN,ILOILO,1,,2,AMANI MID,44,36,"1,778,249.34",-,"1,778,249.34",,0%,OPEN,MEMO TERMS,YELLOW TAGGING,,,,
B044L007,VISMIN,ILOILO,1,,2,AMANI MID,44,36,"1,778,249.34",-,"1,778,249.34",,0%,OPEN,MEMO TERMS,YELLOW TAGGING,,,,
B044L008,VISMIN,ILOILO,1,,2,AMANI MID,44,36,"1,778,249.34",-,"1,778,249.34",,0%,OPEN,MEMO TERMS,YELLOW TAGGING,,,,
B044L009,VISMIN,ILOILO,1,,2,AMANI MID,44,36,"1,778,249.34",-,"1,778,249.34",,0%,OPEN,MEMO TERMS,YELLOW TAGGING,,,,
B044L012,VISMIN,ILOILO,1,,2,AMANI MID,44.00,36,"1,778,249.34",-,"1,778,249.34",,0%,OPEN,MEMO TERMS,YELLOW TAGGING,,,,
B044L013,VISMIN,ILOILO,1,,2,AMANI MID,44.00,36,"1,778,249.34",-,"1,778,249.34",,0%,OPEN,MEMO TERMS,YELLOW TAGGING,,,,
B044L014,VISMIN,ILOILO,1,,2,AMANI MID,44.00,36,"1,778,249.34",-,"1,778,249.34",,0%,OPEN,MEMO TERMS,YELLOW TAGGING,,,,
B044L015,VISMIN,ILOILO,1,,2,AMANI MID,44.00,36,"1,778,249.34",-,"1,778,249.34",,0%,OPEN,MEMO TERMS,YELLOW TAGGING,,,,
B044L019,VISMIN,ILOILO,1,,2,AMANI MID,44.00,36,"1,778,249.34",-,"1,778,249.34",,0%,OPEN,MEMO TERMS,YELLOW TAGGING,,,,
B044L020,VISMIN,ILOILO,1,,2,AMANI MID,44.00,36,"1,778,249.34",-,"1,778,249.34",,0%,OPEN,MEMO TERMS,YELLOW TAGGING,,,,
B044L021,VISMIN,ILOILO,1,,2,AMANI MID,44.00,36,"1,778,249.34",-,"1,778,249.34",,0%,OPEN,MEMO TERMS,YELLOW TAGGING,,,,
B044L022,VISMIN,ILOILO,1,,2,AMANI MID,44.00,36,"1,778,249.34",-,"1,778,249.34",,0%,OPEN,MEMO TERMS,YELLOW TAGGING,,,,
B044L023,VISMIN,ILOILO,1,,2,AMANI MID,44.00,36,"1,778,249.34",-,"1,778,249.34",,0%,OPEN,MEMO TERMS,YELLOW TAGGING,,,,
B044L024,VISMIN,ILOILO,1,,2,AMANI MID,44.00,36,"1,778,249.34",-,"1,778,249.34",,0%,OPEN,MEMO TERMS,YELLOW TAGGING,,,,
B044L025,VISMIN,ILOILO,1,,2,AMANI MID,44.00,36,"1,778,249.34",-,"1,778,249.34",,0%,OPEN,MEMO TERMS,YELLOW TAGGING,,,,
B044L026,VISMIN,ILOILO,1,,2,AMANI MID,44.00,36,"1,778,249.34",-,"1,778,249.34",,0%,OPEN,MEMO TERMS,YELLOW TAGGING,,,,
B044L027,VISMIN,ILOILO,1,,2,AMANI MID,44.00,36,"1,778,249.34",-,"1,778,249.34",,0%,OPEN,MEMO TERMS,YELLOW TAGGING,,,,
B044L030,VISMIN,ILOILO,1,,2,AMANI MID,44,36,"1,778,249.34",-,"1,778,249.34",,0%,OPEN,MEMO TERMS,YELLOW TAGGING,,,,
B044L031,VISMIN,ILOILO,1,,2,AMANI MID,44,36,"1,778,249.34",-,"1,778,249.34",,0%,OPEN,MEMO TERMS,YELLOW TAGGING,,,,
B044L032,VISMIN,ILOILO,1,,2,AMANI MID,44.00,36,"1,778,249.34",-,"1,778,249.34",,0%,OPEN,MEMO TERMS,YELLOW TAGGING,,,,
B044L036,VISMIN,ILOILO,1,,2,AMANI MID,44,36,"1,778,249.34",-,"1,778,249.34",,0%,OPEN,MEMO TERMS,YELLOW TAGGING,,,,
B044L037,VISMIN,ILOILO,1,,2,AMANI MID,44,36,"1,778,249.34",-,"1,778,249.34",,0%,OPEN,MEMO TERMS,YELLOW TAGGING,,,,
B044L040,VISMIN,ILOILO,1,,2,AMANI MID,44,36,"1,778,249.34",-,"1,778,249.34",,0%,OPEN,MEMO TERMS,YELLOW TAGGING,,,,
B044L041,VISMIN,ILOILO,1,,2,AMANI MID,44,36,"1,778,249.34",-,"1,778,249.34",,0%,OPEN,MEMO TERMS,YELLOW TAGGING,,,,
B044L042,VISMIN,ILOILO,1,,2,AMANI MID,44,36,"1,778,249.34",-,"1,778,249.34",,0%,OPEN,MEMO TERMS,YELLOW TAGGING,,,,
B044L043,VISMIN,ILOILO,1,,2,AMANI MID,44,36,"1,778,249.34",-,"1,778,249.34",,0%,OPEN,MEMO TERMS,YELLOW TAGGING,,,,
B044L044,VISMIN,ILOILO,1,,2,AMANI MID,44,36,"1,778,249.34",-,"1,778,249.34",,0%,OPEN,MEMO TERMS,YELLOW TAGGING,,,,
B044L045,VISMIN,ILOILO,1,,2,AMANI MID,44,36,"1,778,249.34",-,"1,778,249.34",,0%,OPEN,MEMO TERMS,YELLOW TAGGING,,,,
B044L046,VISMIN,ILOILO,1,,2,AMANI MID,44.00,36,"1,778,249.34",-,"1,778,249.34",,0%,OPEN,MEMO TERMS,YELLOW TAGGING,,,,
B044L047,VISMIN,ILOILO,1,,2,AMANI MID,44,36,"1,778,249.34",-,"1,778,249.34",,0%,OPEN,MEMO TERMS,YELLOW TAGGING,,,,
B047L004,VISMIN,GENSAN,1,,1,AMANI MID,44.00,36,"1,848,063.00",,"1,848,063.00",Apr-2028,0%,REOPEN,RSBS WITHI THIS MONTH,YELLOW TAGGING,,,,
B047L014,VISMIN,GENSAN,1,,1,AMANI MID,44,36,"1,940,467.00",,"1,940,467.00",Mar-2028,0%,REOPEN,RSBS WITHI THIS MONTH,YELLOW TAGGING,,,,
B047L019,VISMIN,GENSAN,1,,1,AMANI MID,44.00,36,"1,940,467.00",,"1,940,467.00",Mar-2028,0%,REOPEN,RSBS WITHI THIS MONTH,YELLOW TAGGING,,,,
B047L020,VISMIN,GENSAN,1,,1,AMANI MID,44,36,"1,940,467.00",,"1,940,467.00",Mar-2028,0%,REOPEN,RSBS WITHI THIS MONTH,YELLOW TAGGING,,,,
B047L021,VISMIN,GENSAN,1,,1,AMANI MID,44.00,36,"1,940,467.00",,"1,940,467.00",Mar-2028,0%,REOPEN,RSBS WITHI THIS MONTH,YELLOW TAGGING,,,,
B049L043,VISMIN,GENSAN,1,,1,AMANI MID,44,36,"1,848,063.00",,"1,848,063.00",Jan-2028,0%,REOPEN,RSBS WITHI THIS MONTH,YELLOW TAGGING,,,,
B049L056,VISMIN,GENSAN,1,,1,AMANI MID,44.00,36,"1,940,467.00",,"1,940,467.00",Jan-2028,0%,REOPEN,RSBS WITHI THIS MONTH,YELLOW TAGGING,,,,
B048L015,VISMIN,GENSAN,1,,1,AMANI MID,44,36,"1,940,467.00",,"1,940,467.00",Mar-2028,0%,OPEN,MEMO TERMS,YELLOW TAGGING,,,,
B048L016,VISMIN,GENSAN,1,,1,AMANI MID,44.00,36,"1,940,467.00",,"1,940,467.00",Mar-2028,0%,OPEN,MEMO TERMS,YELLOW TAGGING,,,,
B048L017,VISMIN,GENSAN,1,,1,AMANI MID,44.00,36,"1,940,467.00",,"1,940,467.00",Mar-2028,0%,OPEN,MEMO TERMS,YELLOW TAGGING,,,,
B048L019,VISMIN,GENSAN,1,,1,AMANI MID,44,36,"1,940,467.00",,"1,940,467.00",Mar-2028,0%,OPEN,MEMO TERMS,YELLOW TAGGING,,,,
B048L022,VISMIN,GENSAN,1,,1,AMANI MID,44.00,36,"1,940,467.00",,"1,940,467.00",Feb-2028,0%,OPEN,MEMO TERMS,YELLOW TAGGING,,,,
B049L016,VISMIN,GENSAN,1,,1,AMANI MID,44,36,"1,848,063.00",,"1,848,063.00",Feb-2028,0%,OPEN,MEMO TERMS,YELLOW TAGGING,,,,
B049L017,VISMIN,GENSAN,1,,1,AMANI MID,44.00,36,"1,848,063.00",,"1,848,063.00",Feb-2028,0%,OPEN,MEMO TERMS,YELLOW TAGGING,,,,
B049L019,VISMIN,GENSAN,1,,1,AMANI MID,44,36,"1,848,063.00",,"1,848,063.00",Feb-2028,0%,OPEN,MEMO TERMS,YELLOW TAGGING,,,,
B049L021,VISMIN,GENSAN,1,,1,AMANI MID,44.00,36,"1,848,063.00",,"1,848,063.00",Feb-2028,0%,OPEN,MEMO TERMS,YELLOW TAGGING,,,,
B049L031,VISMIN,GENSAN,1,,1,AMANI MID,44,36,"1,986,668.00",,"1,986,668.00",Feb-2028,0%,OPEN,MEMO TERMS,YELLOW TAGGING,,,,
B049L032,VISMIN,GENSAN,1,,1,AMANI MID,44.00,36,"1,986,668.00",,"1,986,668.00",Feb-2028,0%,OPEN,MEMO TERMS,YELLOW TAGGING,,,,
B049L033,VISMIN,GENSAN,1,,1,AMANI MID,44,36,"1,986,668.00",,"1,986,668.00",Feb-2028,0%,OPEN,MEMO TERMS,YELLOW TAGGING,,,,
B049L044,VISMIN,GENSAN,1,,1,AMANI MID,44,36,"1,848,063.00",,"1,848,063.00",Jan-2028,0%,OPEN,MEMO TERMS,YELLOW TAGGING,,,,
B049L045,VISMIN,GENSAN,1,,1,AMANI MID,44,36,"1,848,063.00",,"1,848,063.00",Jan-2028,0%,OPEN,MEMO TERMS,YELLOW TAGGING,,,,
B049L046,VISMIN,GENSAN,1,,1,AMANI MID,44,36,"1,848,063.00",,"1,848,063.00",Jan-2028,0%,OPEN,MEMO TERMS,YELLOW TAGGING,,,,
B049L047,VISMIN,GENSAN,1,,1,AMANI MID,44,36,"1,848,063.00",,"1,848,063.00",Jan-2028,0%,OPEN,MEMO TERMS,YELLOW TAGGING,,,,
B049L052,VISMIN,GENSAN,1,,1,AMANI MID,44,36,"1,940,467.00",,"1,940,467.00",Jan-2028,0%,OPEN,MEMO TERMS,YELLOW TAGGING,,,,
B049L053,VISMIN,GENSAN,1,,1,AMANI MID,44,36,"1,940,467.00",,"1,940,467.00",Jan-2028,0%,OPEN,MEMO TERMS,YELLOW TAGGING,,,,
B049L054,VISMIN,GENSAN,1,,1,AMANI MID,44,36,"1,940,467.00",,"1,940,467.00",Jan-2028,0%,OPEN,MEMO TERMS,YELLOW TAGGING,,,,
B049L055,VISMIN,GENSAN,1,,1,AMANI MID,44,36,"1,940,467.00",,"1,940,467.00",Jan-2028,0%,OPEN,MEMO TERMS,YELLOW TAGGING,,,,
B049L057,VISMIN,GENSAN,1,,1,AMANI MID,44,36,"1,940,467.00",,"1,940,467.00",Jan-2028,0%,OPEN,MEMO TERMS,YELLOW TAGGING,,,,
B049L058,VISMIN,GENSAN,1,,1,AMANI MID,44,36,"1,940,467.00",,"1,940,467.00",Jan-2028,0%,OPEN,MEMO TERMS,YELLOW TAGGING,,,,
B049L059,VISMIN,GENSAN,1,,1,AMANI MID,44,36,"1,940,467.00",,"1,940,467.00",Jan-2028,0%,OPEN,MEMO TERMS,YELLOW TAGGING,,,,
B049L060,VISMIN,GENSAN,1,,1,AMANI MID,44,36,"1,940,467.00",,"1,940,467.00",Jan-2028,0%,OPEN,MEMO TERMS,YELLOW TAGGING,,,,
B049L061,VISMIN,GENSAN,1,,1,AMANI MID,44,36,"1,940,467.00",,"1,940,467.00",Jan-2028,0%,OPEN,MEMO TERMS,YELLOW TAGGING,,,,
B049L064,VISMIN,GENSAN,1,,1,AMANI MID,44,36,"1,940,467.00",,"1,940,467.00",Jan-2028,0%,OPEN,MEMO TERMS,YELLOW TAGGING,,,,
B049L065,VISMIN,GENSAN,1,,1,AMANI MID,44,36,"1,940,467.00",,"1,940,467.00",Jan-2028,0%,OPEN,MEMO TERMS,YELLOW TAGGING,,,,
B049L066,VISMIN,GENSAN,1,,1,AMANI MID,44,36,"1,940,467.00",,"1,940,467.00",Jan-2028,0%,OPEN,MEMO TERMS,YELLOW TAGGING,,,,
B049L067,VISMIN,GENSAN,1,,1,AMANI MID,44,36,"1,940,467.00",,"1,940,467.00",Jan-2028,0%,OPEN,MEMO TERMS,YELLOW TAGGING,,,,
B049L068,VISMIN,GENSAN,1,,1,AMANI MID,44,36,"1,940,467.00",,"1,940,467.00",Jan-2028,0%,OPEN,MEMO TERMS,YELLOW TAGGING,,,,
B049L069,VISMIN,GENSAN,1,,1,AMANI MID,44.00,36,"1,940,467.00",,"1,940,467.00",Jan-2028,0%,OPEN,MEMO TERMS,YELLOW TAGGING,,,,
B049L070,VISMIN,GENSAN,1,,1,AMANI MID,44.00,36,"1,940,467.00",,"1,940,467.00",Jan-2028,0%,OPEN,MEMO TERMS,YELLOW TAGGING,,,,
B049L071,VISMIN,GENSAN,1,,1,AMANI MID,44,36,"1,940,467.00",,"1,940,467.00",Jan-2028,0%,OPEN,MEMO TERMS,YELLOW TAGGING,,,,
B049L072,VISMIN,GENSAN,1,,1,AMANI MID,44.00,36,"1,940,467.00",,"1,940,467.00",Jan-2028,0%,OPEN,MEMO TERMS,YELLOW TAGGING,,,,
B049L073,VISMIN,GENSAN,1,,1,AMANI MID,44.00,36,"1,940,467.00",,"1,940,467.00",Jan-2028,0%,OPEN,MEMO TERMS,YELLOW TAGGING,,,,
B043L027,VISMIN,GENSAN,1,,2,AMANI MID,44.00,36,"1,940,467.00",,"1,940,467.00",Jun-2028,0%,OPEN,MEMO TERMS,YELLOW TAGGING,,,,
B044L012,VISMIN,GENSAN,1,,2,AMANI MID,44.00,36,"1,848,063.00",,"1,848,063.00",Jun-2028,0%,OPEN,MEMO TERMS,YELLOW TAGGING,,,,
B044L013,VISMIN,GENSAN,1,,2,AMANI MID,44.00,36,"1,848,063.00",,"1,848,063.00",Jun-2028,0%,OPEN,MEMO TERMS,YELLOW TAGGING,,,,
B044L020,VISMIN,GENSAN,1,,2,AMANI MID,44.00,36,"1,940,467.00",,"1,940,467.00",May-2028,0%,OPEN,MEMO TERMS,YELLOW TAGGING,,,,
B044L025,VISMIN,GENSAN,1,,2,AMANI MID,44.00,36,"1,940,467.00",,"1,940,467.00",May-2028,0%,OPEN,MEMO TERMS,YELLOW TAGGING,,,,
B044L026,VISMIN,GENSAN,1,,2,AMANI MID,44.00,36,"1,940,467.00",,"1,940,467.00",May-2028,0%,OPEN,MEMO TERMS,YELLOW TAGGING,,,,
B044L027,VISMIN,GENSAN,1,,2,AMANI MID,44.00,36,"1,940,467.00",,"1,940,467.00",May-2028,0%,OPEN,MEMO TERMS,YELLOW TAGGING,,,,
B044L029,VISMIN,GENSAN,1,,2,AMANI MID,44.00,36,"1,940,467.00",,"1,940,467.00",May-2028,0%,OPEN,MEMO TERMS,YELLOW TAGGING,,,,
B045L004,VISMIN,GENSAN,1,,2,AMANI MID,44.00,36,"1,848,063.00",,"1,848,063.00",May-2028,0%,OPEN,MEMO TERMS,YELLOW TAGGING,,,,
B045L005,VISMIN,GENSAN,1,,2,AMANI MID,44.00,36,"1,848,063.00",,"1,848,063.00",May-2028,0%,OPEN,MEMO TERMS,YELLOW TAGGING,,,,
B045L006,VISMIN,GENSAN,1,,2,AMANI MID,44,36,"1,848,063.00",,"1,848,063.00",May-2028,0%,OPEN,MEMO TERMS,YELLOW TAGGING,,,,
B045L010,VISMIN,GENSAN,1,,2,AMANI MID,44,36,"1,848,063.00",,"1,848,063.00",May-2028,0%,OPEN,MEMO TERMS,YELLOW TAGGING,,,,
B045L011,VISMIN,GENSAN,1,,2,AMANI MID,44.00,36,"1,848,063.00",,"1,848,063.00",May-2028,0%,OPEN,MEMO TERMS,YELLOW TAGGING,,,,
B045L012,VISMIN,GENSAN,1,,2,AMANI MID,44,36,"1,848,063.00",,"1,848,063.00",May-2028,0%,OPEN,MEMO TERMS,YELLOW TAGGING,,,,
B045L016,VISMIN,GENSAN,1,,2,AMANI MID,44.00,36,"1,940,467.00",,"1,940,467.00",Apr-2028,0%,OPEN,MEMO TERMS,YELLOW TAGGING,,,,
B045L017,VISMIN,GENSAN,1,,2,AMANI MID,44,36,"1,940,467.00",,"1,940,467.00",Apr-2028,0%,OPEN,MEMO TERMS,YELLOW TAGGING,,,,
B045L018,VISMIN,GENSAN,1,,2,AMANI MID,44.00,36,"1,940,467.00",,"1,940,467.00",Apr-2028,0%,OPEN,MEMO TERMS,YELLOW TAGGING,,,,
B045L019,VISMIN,GENSAN,1,,2,AMANI MID,44.00,36,"1,940,467.00",,"1,940,467.00",Apr-2028,0%,OPEN,MEMO TERMS,YELLOW TAGGING,,,,
B045L023,VISMIN,GENSAN,1,,2,AMANI MID,44,36,"1,940,467.00",,"1,940,467.00",May-2028,0%,OPEN,MEMO TERMS,YELLOW TAGGING,,,,
B045L024,VISMIN,GENSAN,1,,2,AMANI MID,44.00,36,"1,940,467.00",,"1,940,467.00",May-2028,0%,OPEN,MEMO TERMS,YELLOW TAGGING,,,,
B045L025,VISMIN,GENSAN,1,,2,AMANI MID,44,36,"1,940,467.00",,"1,940,467.00",May-2028,0%,OPEN,MEMO TERMS,YELLOW TAGGING,,,,
B045L026,VISMIN,GENSAN,1,,2,AMANI MID,44.00,36,"1,940,467.00",,"1,940,467.00",May-2028,0%,OPEN,MEMO TERMS,YELLOW TAGGING,,,,
B045L027,VISMIN,GENSAN,1,,2,AMANI MID,44,36,"1,940,467.00",,"1,940,467.00",May-2028,0%,OPEN,MEMO TERMS,YELLOW TAGGING,,,,
B046L002,VISMIN,GENSAN,1,,2,AMANI MID,44.00,36,"1,848,063.00",,"1,848,063.00",Apr-2028,0%,OPEN,MEMO TERMS,YELLOW TAGGING,,,,
B046L003,VISMIN,GENSAN,1,,2,AMANI MID,44.00,36,"1,848,063.00",,"1,848,063.00",Apr-2028,0%,OPEN,MEMO TERMS,YELLOW TAGGING,,,,
B046L004,VISMIN,GENSAN,1,,2,AMANI MID,44.00,36,"1,848,063.00",,"1,848,063.00",Apr-2028,0%,OPEN,MEMO TERMS,YELLOW TAGGING,,,,
B046L005,VISMIN,GENSAN,1,,2,AMANI MID,44,36,"1,848,063.00",,"1,848,063.00",Apr-2028,0%,OPEN,MEMO TERMS,YELLOW TAGGING,,,,
B046L006,VISMIN,GENSAN,1,,2,AMANI MID,44.00,36,"1,848,063.00",,"1,848,063.00",Apr-2028,0%,OPEN,MEMO TERMS,YELLOW TAGGING,,,,
B046L007,VISMIN,GENSAN,1,,2,AMANI MID,44.00,36,"1,848,063.00",,"1,848,063.00",Apr-2028,0%,OPEN,MEMO TERMS,YELLOW TAGGING,,,,
B046L010,VISMIN,GENSAN,1,,2,AMANI MID,44.00,36,"1,848,063.00",,"1,848,063.00",Apr-2028,0%,OPEN,MEMO TERMS,YELLOW TAGGING,,,,
B046L011,VISMIN,GENSAN,1,,2,AMANI MID,44.00,36,"1,848,063.00",,"1,848,063.00",Apr-2028,0%,OPEN,MEMO TERMS,YELLOW TAGGING,,,,
B046L012,VISMIN,GENSAN,1,,2,AMANI MID,44.00,36,"1,848,063.00",,"1,848,063.00",Apr-2028,0%,OPEN,MEMO TERMS,YELLOW TAGGING,,,,
B046L013,VISMIN,GENSAN,1,,2,AMANI MID,44.00,36,"1,848,063.00",,"1,848,063.00",Apr-2028,0%,OPEN,MEMO TERMS,YELLOW TAGGING,,,,
B046L020,VISMIN,GENSAN,1,,2,AMANI MID,44.00,36,"1,940,467.00",,"1,940,467.00",Apr-2028,0%,OPEN,MEMO TERMS,YELLOW TAGGING,,,,
B046L021,VISMIN,GENSAN,1,,2,AMANI MID,44.00,36,"1,940,467.00",,"1,940,467.00",Apr-2028,0%,OPEN,MEMO TERMS,YELLOW TAGGING,,,,
B046L022,VISMIN,GENSAN,1,,2,AMANI MID,44.00,36,"1,940,467.00",,"1,940,467.00",Apr-2028,0%,OPEN,MEMO TERMS,YELLOW TAGGING,,,,
B046L023,VISMIN,GENSAN,1,,2,AMANI MID,44.00,36,"1,940,467.00",,"1,940,467.00",Apr-2028,0%,OPEN,MEMO TERMS,YELLOW TAGGING,,,,
B046L024,VISMIN,GENSAN,1,,2,AMANI MID,44.00,36,"1,940,467.00",,"1,940,467.00",Apr-2028,0%,OPEN,MEMO TERMS,YELLOW TAGGING,,,,
B046L025,VISMIN,GENSAN,1,,2,AMANI MID,44.00,36,"1,940,467.00",,"1,940,467.00",Apr-2028,0%,OPEN,MEMO TERMS,YELLOW TAGGING,,,,
B041L012,VISMIN,GENSAN,1,,3,AMANI MID,44,36,"1,848,063.42",,"1,848,063.42",Sep-2028,0%,OPEN,MEMO TERMS,YELLOW TAGGING,,,,
B041L013,VISMIN,GENSAN,1,,3,AMANI MID,44,36,"1,848,063.42",,"1,848,063.42",Sep-2028,0%,OPEN,MEMO TERMS,YELLOW TAGGING,,,,
B041L014,VISMIN,GENSAN,1,,3,AMANI MID,44,36,"1,848,063.42",,"1,848,063.42",Sep-2028,0%,OPEN,MEMO TERMS,YELLOW TAGGING,,,,
B041L015,VISMIN,GENSAN,1,,3,AMANI MID,44,36,"1,848,063.42",,"1,848,063.42",Sep-2028,0%,OPEN,MEMO TERMS,YELLOW TAGGING,,,,
B041L018,VISMIN,GENSAN,1,,3,AMANI MID,44,36,"1,848,063.42",,"1,848,063.42",Sep-2028,0%,OPEN,MEMO TERMS,YELLOW TAGGING,,,,
B041L019,VISMIN,GENSAN,1,,3,AMANI MID,44,36,"1,848,063.42",,"1,848,063.42",Sep-2028,0%,OPEN,MEMO TERMS,YELLOW TAGGING,,,,
B041L020,VISMIN,GENSAN,1,,3,AMANI MID,44,36,"1,848,063.42",,"1,848,063.42",Sep-2028,0%,OPEN,MEMO TERMS,YELLOW TAGGING,,,,
B041L021,VISMIN,GENSAN,1,,3,AMANI MID,44,36,"1,848,063.42",,"1,848,063.42",Sep-2028,0%,OPEN,MEMO TERMS,YELLOW TAGGING,,,,
B041L022,VISMIN,GENSAN,1,,3,AMANI MID,44,36,"1,848,063.42",,"1,848,063.42",Sep-2028,0%,OPEN,MEMO TERMS,YELLOW TAGGING,,,,
B041L023,VISMIN,GENSAN,1,,3,AMANI MID,44,36,"1,848,063.42",,"1,848,063.42",Sep-2028,0%,OPEN,MEMO TERMS,YELLOW TAGGING,,,,
B041L024,VISMIN,GENSAN,1,,3,AMANI MID,44,36,"1,848,063.42",,"1,848,063.42",Sep-2028,0%,OPEN,MEMO TERMS,YELLOW TAGGING,,,,
B041L025,VISMIN,GENSAN,1,,3,AMANI MID,44,36,"1,848,063.42",,"1,848,063.42",Sep-2028,0%,OPEN,MEMO TERMS,YELLOW TAGGING,,,,
B041L026,VISMIN,GENSAN,1,,3,AMANI MID,44,36,"1,848,063.42",,"1,848,063.42",Sep-2028,0%,OPEN,MEMO TERMS,YELLOW TAGGING,,,,
B041L027,VISMIN,GENSAN,1,,3,AMANI MID,44,36,"1,848,063.42",,"1,848,063.42",Sep-2028,0%,OPEN,MEMO TERMS,YELLOW TAGGING,,,,
B041L030,VISMIN,GENSAN,1,,3,AMANI MID,44,36,"1,848,063.42",,"1,848,063.42",Aug-2028,0%,OPEN,MEMO TERMS,YELLOW TAGGING,,,,
B041L031,VISMIN,GENSAN,1,,3,AMANI MID,44,36,"1,848,063.42",,"1,848,063.42",Aug-2028,0%,OPEN,MEMO TERMS,YELLOW TAGGING,,,,
B041L032,VISMIN,GENSAN,1,,3,AMANI MID,44,36,"1,848,063.42",,"1,848,063.42",Aug-2028,0%,OPEN,MEMO TERMS,YELLOW TAGGING,,,,
B041L036,VISMIN,GENSAN,1,,3,AMANI MID,44,36,"1,986,668.17",,"1,986,668.17",Aug-2028,0%,OPEN,MEMO TERMS,YELLOW TAGGING,,,,
B041L038,VISMIN,GENSAN,1,,3,AMANI MID,44,36,"1,986,668.17",,"1,986,668.17",Aug-2028,0%,OPEN,MEMO TERMS,YELLOW TAGGING,,,,
B041L039,VISMIN,GENSAN,1,,3,AMANI MID,44,36,"1,986,668.17",,"1,986,668.17",Aug-2028,0%,OPEN,MEMO TERMS,YELLOW TAGGING,,,,
B041L043,VISMIN,GENSAN,1,,3,AMANI MID,44,36,"1,986,668.17",,"1,986,668.17",Aug-2028,0%,OPEN,MEMO TERMS,YELLOW TAGGING,,,,
B041L044,VISMIN,GENSAN,1,,3,AMANI MID,44,36,"1,986,668.17",,"1,986,668.17",Aug-2028,0%,OPEN,MEMO TERMS,YELLOW TAGGING,,,,
B041L045,VISMIN,GENSAN,1,,3,AMANI MID,44,36,"1,986,668.17",,"1,986,668.17",Aug-2028,0%,OPEN,MEMO TERMS,YELLOW TAGGING,,,,
B041L046,VISMIN,GENSAN,1,,3,AMANI MID,44,36,"1,986,668.17",,"1,986,668.17",Aug-2028,0%,OPEN,MEMO TERMS,YELLOW TAGGING,,,,
B041L047,VISMIN,GENSAN,1,,3,AMANI MID,44,36,"1,986,668.17",,"1,986,668.17",Aug-2028,0%,OPEN,MEMO TERMS,YELLOW TAGGING,,,,
B041L048,VISMIN,GENSAN,1,,3,AMANI MID,44,36,"1,986,668.17",,"1,986,668.17",Aug-2028,0%,OPEN,MEMO TERMS,YELLOW TAGGING,,,,
B041L049,VISMIN,GENSAN,1,,3,AMANI MID,44,36,"1,986,668.17",,"1,986,668.17",Aug-2028,0%,OPEN,MEMO TERMS,YELLOW TAGGING,,,,
B041L050,VISMIN,GENSAN,1,,3,AMANI MID,44,36,"1,986,668.17",,"1,986,668.17",Aug-2028,0%,OPEN,MEMO TERMS,YELLOW TAGGING,,,,
B041L051,VISMIN,GENSAN,1,,3,AMANI MID,44,36,"1,986,668.17",,"1,986,668.17",Aug-2028,0%,OPEN,MEMO TERMS,YELLOW TAGGING,,,,
B041L054,VISMIN,GENSAN,1,,3,AMANI MID,44,36,"1,986,668.17",,"1,986,668.17",Aug-2028,0%,OPEN,MEMO TERMS,YELLOW TAGGING,,,,
B041L055,VISMIN,GENSAN,1,,3,AMANI MID,44,36,"1,986,668.17",,"1,986,668.17",Aug-2028,0%,OPEN,MEMO TERMS,YELLOW TAGGING,,,,
B041L056,VISMIN,GENSAN,1,,3,AMANI MID,44,36,"1,986,668.17",,"1,986,668.17",Aug-2028,0%,OPEN,MEMO TERMS,YELLOW TAGGING,,,,
B041L057,VISMIN,GENSAN,1,,3,AMANI MID,44,36,"1,986,668.17",,"1,986,668.17",Aug-2028,0%,OPEN,MEMO TERMS,YELLOW TAGGING,,,,
B041L058,VISMIN,GENSAN,1,,3,AMANI MID,44,36,"1,986,668.17",,"1,986,668.17",Aug-2028,0%,OPEN,MEMO TERMS,YELLOW TAGGING,,,,
B041L059,VISMIN,GENSAN,1,,3,AMANI MID,44,36,"1,986,668.17",,"1,986,668.17",Aug-2028,0%,OPEN,MEMO TERMS,YELLOW TAGGING,,,,
B041L060,VISMIN,GENSAN,1,,3,AMANI MID,44,36,"1,986,668.17",,"1,986,668.17",Aug-2028,0%,OPEN,MEMO TERMS,YELLOW TAGGING,,,,
B041L061,VISMIN,GENSAN,1,,3,AMANI MID,44,36,"1,986,668.17",,"1,986,668.17",Aug-2028,0%,OPEN,MEMO TERMS,YELLOW TAGGING,,,,
B042L005,VISMIN,GENSAN,1,,3,DUA,77,48,"3,186,964.35",,"3,186,964.35",Sep-2028,0%,OPEN,MEMO TERMS,YELLOW TAGGING,,,,
B042L025,VISMIN,GENSAN,1,,3,AMANI MID,44,36,"1,940,466.59",,"1,940,466.59",Jul-2028,0%,OPEN,MEMO TERMS,YELLOW TAGGING,,,,
B042L026,VISMIN,GENSAN,1,,3,AMANI MID,44,36,"1,940,466.59",,"1,940,466.59",Jul-2028,0%,OPEN,MEMO TERMS,YELLOW TAGGING,,,,
B042L029,VISMIN,GENSAN,1,,3,AMANI MID,44,36,"1,940,466.59",,"1,940,466.59",Jul-2028,0%,OPEN,MEMO TERMS,YELLOW TAGGING,,,,
B042L030,VISMIN,GENSAN,1,,3,AMANI MID,44,36,"2,032,869.76",,"2,032,869.76",Jul-2028,0%,OPEN,MEMO TERMS,YELLOW TAGGING,,,,
B042L031,VISMIN,GENSAN,1,,3,AMANI MID,44,36,"2,032,869.76",,"2,032,869.76",Jul-2028,0%,OPEN,MEMO TERMS,YELLOW TAGGING,,,,
B042L032,VISMIN,GENSAN,1,,3,AMANI MID,44,36,"1,940,466.59",,"1,940,466.59",Jul-2028,0%,OPEN,MEMO TERMS,YELLOW TAGGING,,,,
B042L033,VISMIN,GENSAN,1,,3,AMANI MID,44,36,"1,940,466.59",,"1,940,466.59",Jul-2028,0%,OPEN,MEMO TERMS,YELLOW TAGGING,,,,
B042L036,VISMIN,GENSAN,1,,3,AMANI MID,44,36,"1,940,466.59",,"1,940,466.59",Jul-2028,0%,OPEN,MEMO TERMS,YELLOW TAGGING,,,,
B042L038,VISMIN,GENSAN,1,,3,AMANI MID,44,36,"1,940,466.59",,"1,940,466.59",Jul-2028,0%,OPEN,MEMO TERMS,YELLOW TAGGING,,,,
B042L039,VISMIN,GENSAN,1,,3,AMANI MID,44,36,"1,940,466.59",,"1,940,466.59",Jul-2028,0%,OPEN,MEMO TERMS,YELLOW TAGGING,,,,
B034L002,VISMIN,GENSAN,1,,12,DUA,85,48,"3,831,033.82",-,"3,831,033.82",Oct-2030,0%,OPEN,MEMO TERMS,YELLOW TAGGING,,,,
B034L003,VISMIN,GENSAN,1,,12,DUA,85,48,"3,831,033.82",-,"3,831,033.82",Oct-2030,0%,OPEN,MEMO TERMS,YELLOW TAGGING,,,,
B034L004,VISMIN,GENSAN,1,,12,DUA,85,48,"3,831,033.82",-,"3,831,033.82",Oct-2030,0%,OPEN,MEMO TERMS,YELLOW TAGGING,,,,
B034L005,VISMIN,GENSAN,1,,12,DUA,85,48,"3,831,033.82",-,"3,831,033.82",Oct-2030,0%,OPEN,MEMO TERMS,YELLOW TAGGING,,,,
B034L006,VISMIN,GENSAN,1,,12,DUA,77,48,"3,646,205.53",-,"3,646,205.53",Oct-2030,0%,OPEN,MEMO TERMS,YELLOW TAGGING,,,,
B034L007,VISMIN,GENSAN,1,,12,DUA,77,48,"3,810,840.47",-,"3,810,840.47",Oct-2030,0%,OPEN,MEMO TERMS,YELLOW TAGGING,,,,
B034L009,VISMIN,GENSAN,1,,12,DUA,77,48,"3,646,205.53",-,"3,646,205.53",Oct-2030,0%,OPEN,MEMO TERMS,YELLOW TAGGING,,,,
B034L010,VISMIN,GENSAN,1,,12,DUA,77,48,"3,646,205.53",-,"3,646,205.53",Oct-2030,0%,OPEN,MEMO TERMS,YELLOW TAGGING,,,,
B034L011,VISMIN,GENSAN,1,,12,DUA,77,48,"3,646,205.53",-,"3,646,205.53",Oct-2030,0%,OPEN,MEMO TERMS,YELLOW TAGGING,,,,
B034L012,VISMIN,GENSAN,1,,12,DUA,85,48,"3,831,034",-,"3,831,033.82",Oct-2030,0%,OPEN,MEMO TERMS,YELLOW TAGGING,,,,
B034L013,VISMIN,GENSAN,1,,12,DUA,85.00,48.00,"3,831,033.82",-,"3,831,033.82",Oct-2030,0%,OPEN,MEMO TERMS,YELLOW TAGGING,,,,
B034L014,VISMIN,GENSAN,1,,12,DUA,85.00,48,"3,831,033.82",-,"3,831,033.82",Oct-2030,0%,OPEN,MEMO TERMS,YELLOW TAGGING,,,,
B034L015,VISMIN,GENSAN,1,,12,DUA,85.00,48,"3,831,033.82",-,"3,831,033.82",Oct-2030,0%,OPEN,MEMO TERMS,YELLOW TAGGING,,,,
B039L028,VISMIN,GENSAN,1,,12,DUA,77.00,48,"3,481,670.59",-,"3,481,670.59",Oct-2030,0%,OPEN,MEMO TERMS,YELLOW TAGGING,,,,
B039L029,VISMIN,GENSAN,1,,12,DUA,77,48.00,"3,481,671",-,"3,481,670.59",Oct-2030,0%,OPEN,MEMO TERMS,YELLOW TAGGING,,,,
B039L030,VISMIN,GENSAN,1,,12,DUA,77,48.00,"3,481,671",-,"3,481,670.59",Oct-2030,0%,OPEN,MEMO TERMS,YELLOW TAGGING,,,,
B039L031,VISMIN,GENSAN,1,,12,DUA,77.00,48,"3,481,670.59",-,"3,481,670.59",Oct-2030,0%,OPEN,MEMO TERMS,YELLOW TAGGING,,,,
B039L032,VISMIN,GENSAN,1,,12,DUA,77.00,48,"3,481,670.59",-,"3,481,670.59",Oct-2030,0%,OPEN,MEMO TERMS,YELLOW TAGGING,,,,
B039L033,VISMIN,GENSAN,1,,12,DUA,77.00,48,"3,481,670.59",-,"3,481,670.59",Oct-2030,0%,OPEN,MEMO TERMS,YELLOW TAGGING,,,,
B039L034,VISMIN,GENSAN,1,,12,DUA,86.00,48,"3,680,110.05",-,"3,680,110.05",Oct-2030,0%,OPEN,MEMO TERMS,YELLOW TAGGING,,,,
B039L035,VISMIN,GENSAN,1,,12,DUA,86.00,48,"3,680,110.05",-,"3,680,110.05",Oct-2030,0%,OPEN,MEMO TERMS,YELLOW TAGGING,,,,
B039L036,VISMIN,GENSAN,1,,12,DUA,86.00,48,"3,854,137.35",-,"3,854,137.35",Oct-2030,0%,OPEN,MEMO TERMS,YELLOW TAGGING,,,,
B039L037,VISMIN,GENSAN,1,,12,DUA,86.00,48,"3,854,137.35",-,"3,854,137.35",Oct-2030,0%,OPEN,MEMO TERMS,YELLOW TAGGING,,,,
B039L038,VISMIN,GENSAN,1,,12,DUA,86,48,"3,680,110.05",-,"3,680,110.05",Oct-2030,0%,OPEN,MEMO TERMS,YELLOW TAGGING,,,,
B039L039,VISMIN,GENSAN,1,,12,DUA,86,48,"3,680,110.05",-,"3,680,110.05",Oct-2030,0%,OPEN,MEMO TERMS,YELLOW TAGGING,,,,
B040L001,VISMIN,GENSAN,1,,12,DUA CORNER,119,48,"5,032,315.45","494,990.94","4,537,324.51",Aug-2030,0%,OPEN,MEMO TERMS,YELLOW TAGGING,,,,
B040L002,VISMIN,GENSAN,1,,12,DUA CORNER,119,48,"5,032,315.45","494,990.94","4,537,324.51",Aug-2030,0%,OPEN,MEMO TERMS,YELLOW TAGGING,,,,
B010L098,VISMIN,BACOLOD,1,B,1,AMANI MID,44,36,"1,662,753.00",,"1,662,753.00",Aug-2027,0%,OPEN,MEMO TERMS,YELLOW TAGGING,,,,
B013L007,VISMIN,BACOLOD,1,B,2,AMANI END,85,36,"2,425,737.00",,"2,425,737.00",Nov-2027,0%,OPEN,MEMO TERMS,YELLOW TAGGING,,,,
B013L013,VISMIN,BACOLOD,1,B,2,AMANI MID,62,36,"1,989,534.00",,"1,989,534.00",Nov-2027,0%,OPEN,MEMO TERMS,YELLOW TAGGING,,,,
B013L016,VISMIN,BACOLOD,1,B,2,AMANI MID,62,36,"1,989,534.00",,"1,989,534.00",Nov-2027,0%,OPEN,MEMO TERMS,YELLOW TAGGING,,,,
B013L022,VISMIN,BACOLOD,1,B,2,AMANI MID,62,36,"1,989,534.00",,"1,989,534.00",Nov-2027,0%,OPEN,MEMO TERMS,YELLOW TAGGING,,,,
B013L023,VISMIN,BACOLOD,1,B,2,AMANI MID,62,36,"1,989,534.00",,"1,989,534.00",Nov-2027,0%,OPEN,MEMO TERMS,YELLOW TAGGING,,,,
B013L024,VISMIN,BACOLOD,1,B,2,AMANI MID,62,36,"1,989,534.00",,"1,989,534.00",Nov-2027,0%,OPEN,MEMO TERMS,YELLOW TAGGING,,,,
B013L025,VISMIN,BACOLOD,1,B,2,AMANI MID,62,36,"1,989,534.00",,"1,989,534.00",Nov-2027,0%,OPEN,MEMO TERMS,YELLOW TAGGING,,,,
B013L028,VISMIN,BACOLOD,1,B,2,AMANI MID,62,36,"1,989,534.00",,"1,989,534.00",Nov-2027,0%,OPEN,MEMO TERMS,YELLOW TAGGING,,,,
B013L029,VISMIN,BACOLOD,1,B,2,AMANI MID,62,36,"1,989,534.00",,"1,989,534.00",Nov-2027,0%,OPEN,MEMO TERMS,YELLOW TAGGING,,,,
B013L030,VISMIN,BACOLOD,1,B,2,AMANI MID,62,36,"1,989,534.00",,"1,989,534.00",Nov-2027,0%,OPEN,MEMO TERMS,YELLOW TAGGING,,,,
B013L031,VISMIN,BACOLOD,1,B,2,AMANI MID,62,36,"1,989,534.00",,"1,989,534.00",Nov-2027,0%,OPEN,MEMO TERMS,YELLOW TAGGING,,,,
B013L034,VISMIN,BACOLOD,1,B,2,AMANI MID,62,36,"1,989,534.00",,"1,989,534.00",Nov-2027,0%,OPEN,MEMO TERMS,YELLOW TAGGING,,,,
B013L035,VISMIN,BACOLOD,1,B,2,AMANI MID,62,36,"1,989,534.00",,"1,989,534.00",Nov-2027,0%,OPEN,MEMO TERMS,YELLOW TAGGING,,,,
B013L036,VISMIN,BACOLOD,1,B,2,AMANI MID,62,36,"1,989,534.00",,"1,989,534.00",Nov-2027,0%,OPEN,MEMO TERMS,YELLOW TAGGING,,,,
B013L037,VISMIN,BACOLOD,1,B,2,AMANI MID,62,36,"1,989,534.00",,"1,989,534.00",Nov-2027,0%,OPEN,MEMO TERMS,YELLOW TAGGING,,,,
B001L102,VISMIN,BACOLOD,1,B,3,AMANI MID,63,36,"2,025,374.00",,"2,025,374.00",Apr-2028,0%,OPEN,MEMO TERMS,YELLOW TAGGING,,,,
B001L106,VISMIN,BACOLOD,1,B,3,AMANI MID,63,36,"2,025,374.00",,"2,025,374.00",Apr-2028,0%,OPEN,MEMO TERMS,YELLOW TAGGING,,,,
B001L107,VISMIN,BACOLOD,1,B,3,AMANI MID,63,36,"2,025,374.00",,"2,025,374.00",Apr-2028,0%,OPEN,MEMO TERMS,YELLOW TAGGING,,,,
B001L108,VISMIN,BACOLOD,1,B,3,AMANI MID,63,36,"2,025,374.00",,"2,025,374.00",Apr-2028,0%,OPEN,MEMO TERMS,YELLOW TAGGING,,,,
B001L109,VISMIN,BACOLOD,1,B,3,AMANI MID,64,36,"2,041,384.00",,"2,041,384.00",Apr-2028,0%,OPEN,MEMO TERMS,YELLOW TAGGING,,,,
B001L110,VISMIN,BACOLOD,1,B,3,AMANI MID,64,36,"2,041,384.00",,"2,041,384.00",Apr-2028,0%,OPEN,MEMO TERMS,YELLOW TAGGING,,,,
B001L111,VISMIN,BACOLOD,1,B,3,AMANI END,87,36,"2,481,906.00",,"2,481,906.00",Apr-2028,0%,OPEN,MEMO TERMS,YELLOW TAGGING,,,,
B001L112,VISMIN,BACOLOD,1,B,3,AMANI END,87,36,"2,481,906.00",,"2,481,906.00",Mar-2028,0%,OPEN,MEMO TERMS,YELLOW TAGGING,,,,
B001L113,VISMIN,BACOLOD,1,B,3,AMANI MID,64,36,"2,041,384.00",,"2,041,384.00",Mar-2028,0%,OPEN,MEMO TERMS,YELLOW TAGGING,,,,
B001L114,VISMIN,BACOLOD,1,B,3,AMANI MID,64,36,"2,041,384.00",,"2,041,384.00",Mar-2028,0%,OPEN,MEMO TERMS,YELLOW TAGGING,,,,
B001L115,VISMIN,BACOLOD,1,B,3,AMANI MID,63,36,"2,025,374.00",,"2,025,374.00",Mar-2028,0%,OPEN,MEMO TERMS,YELLOW TAGGING,,,,
B001L116,VISMIN,BACOLOD,1,B,3,AMANI MID,63,36,"2,025,374.00",,"2,025,374.00",Mar-2028,0%,OPEN,MEMO TERMS,YELLOW TAGGING,,,,
B001L117,VISMIN,BACOLOD,1,B,3,AMANI MID,63,36,"2,025,374.00",,"2,025,374.00",Mar-2028,0%,OPEN,MEMO TERMS,YELLOW TAGGING,,,,
B001L118,VISMIN,BACOLOD,1,B,3,AMANI MID,63,36,"2,025,374.00",,"2,025,374.00",Mar-2028,0%,OPEN,MEMO TERMS,YELLOW TAGGING,,,,
B001L119,VISMIN,BACOLOD,1,B,3,AMANI END,87,36,"2,481,906.00",,"2,481,906.00",Mar-2028,0%,OPEN,MEMO TERMS,YELLOW TAGGING,,,,
B001L120,VISMIN,BACOLOD,1,B,3,AMANI END,87,36,"2,481,906.00",,"2,481,906.00",Mar-2028,0%,OPEN,MEMO TERMS,YELLOW TAGGING,,,,
B001L121,VISMIN,BACOLOD,1,B,3,AMANI MID,64,36,"2,041,384.00",,"2,041,384.00",Mar-2028,0%,OPEN,MEMO TERMS,YELLOW TAGGING,,,,
B001L122,VISMIN,BACOLOD,1,B,3,AMANI MID,64,36,"2,041,384.00",,"2,041,384.00",Mar-2028,0%,OPEN,MEMO TERMS,YELLOW TAGGING,,,,
B001L123,VISMIN,BACOLOD,1,B,3,AMANI MID,64,36,"2,041,384.00",,"2,041,384.00",Mar-2028,0%,OPEN,MEMO TERMS,YELLOW TAGGING,,,,
B001L124,VISMIN,BACOLOD,1,B,3,AMANI MID,64,36,"2,041,384.00",,"2,041,384.00",Mar-2028,0%,OPEN,MEMO TERMS,YELLOW TAGGING,,,,
B001L125,VISMIN,BACOLOD,1,B,3,AMANI MID,64,36,"2,041,384.00",,"2,041,384.00",Mar-2028,0%,OPEN,MEMO TERMS,YELLOW TAGGING,,,,
B001L126,VISMIN,BACOLOD,1,B,3,AMANI MID,64.00,36,"2,041,384.00",,"2,041,384.00",Mar-2028,0%,OPEN,MEMO TERMS,YELLOW TAGGING,,,,
B019L001,VISMIN,BACOLOD,1,B,3,AMANI END,103.00,36,"2,819,524.00",,"2,819,524.00",Mar-2028,0%,OPEN,MEMO TERMS,YELLOW TAGGING,,,,
B019L002,VISMIN,BACOLOD,1,B,3,AMANI MID,64.00,36,"2,102,307.00",,"2,102,307.00",Mar-2028,0%,OPEN,MEMO TERMS,YELLOW TAGGING,,,,
B019L003,VISMIN,BACOLOD,1,B,3,AMANI MID,64.00,36,"2,102,307.00",,"2,102,307.00",Mar-2028,0%,OPEN,MEMO TERMS,YELLOW TAGGING,,,,
B019L004,VISMIN,BACOLOD,1,B,3,AMANI MID,64.00,36,"2,102,307.00",,"2,102,307.00",Mar-2028,0%,OPEN,MEMO TERMS,YELLOW TAGGING,,,,
B019L006,VISMIN,BACOLOD,1,B,3,AMANI MID,65.00,36,"2,118,758.00",,"2,118,758.00",Apr-2028,0%,OPEN,MEMO TERMS,YELLOW TAGGING,,,,
B019L007,VISMIN,BACOLOD,1,B,3,AMANI MID,65.00,36,"2,057,293.00",,"2,057,293.00",Apr-2028,0%,OPEN,MEMO TERMS,YELLOW TAGGING,,,,
B019L008,VISMIN,BACOLOD,1,B,3,AMANI END,89.00,36,"2,513,924.00",,"2,513,924.00",Apr-2028,0%,OPEN,MEMO TERMS,YELLOW TAGGING,,,,
B019L009,VISMIN,BACOLOD,1,B,3,AMANI END,89.00,36,"2,513,924.00",,"2,513,924.00",Feb-2028,0%,OPEN,MEMO TERMS,YELLOW TAGGING,,,,
B019L010,VISMIN,BACOLOD,1,B,3,AMANI MID,65.00,36,"2,057,293.00",,"2,057,293.00",Feb-2028,0%,OPEN,MEMO TERMS,YELLOW TAGGING,,,,
B019L011,VISMIN,BACOLOD,1,B,3,AMANI MID,65.00,36,"2,057,293.00",,"2,057,293.00",Feb-2028,0%,OPEN,MEMO TERMS,YELLOW TAGGING,,,,
B019L012,VISMIN,BACOLOD,1,B,3,AMANI MID,65,36.00,"2,057,293",,"2,057,293.00",Feb-2028,0%,OPEN,MEMO TERMS,YELLOW TAGGING,,,,
B019L013,VISMIN,BACOLOD,1,B,3,AMANI MID,65.00,36,"2,057,293.00",,"2,057,293.00",Feb-2028,0%,OPEN,MEMO TERMS,YELLOW TAGGING,,,,
B019L014,VISMIN,BACOLOD,1,B,3,AMANI MID,65.00,36,"2,057,293.00",,"2,057,293.00",Feb-2028,0%,OPEN,MEMO TERMS,YELLOW TAGGING,,,,
B019L015,VISMIN,BACOLOD,1,B,3,AMANI MID,65.00,36,"2,057,293.00",,"2,057,293.00",Feb-2028,0%,OPEN,MEMO TERMS,YELLOW TAGGING,,,,
B019L016,VISMIN,BACOLOD,1,B,3,AMANI END,88.00,36,"2,497,915.00",,"2,497,915.00",Feb-2028,0%,OPEN,MEMO TERMS,YELLOW TAGGING,,,,
B019L018,VISMIN,BACOLOD,1,B,3,AMANI MID,64.00,36,"2,041,384.00",,"2,041,384.00",Feb-2028,0%,OPEN,MEMO TERMS,YELLOW TAGGING,,,,
B019L019,VISMIN,BACOLOD,1,B,3,AMANI MID,64.00,36,"2,041,384.00",,"2,041,384.00",Feb-2028,0%,OPEN,MEMO TERMS,YELLOW TAGGING,,,,
B019L020,VISMIN,BACOLOD,1,B,3,AMANI MID,64.00,36,"2,041,384.00",,"2,041,384.00",Feb-2028,0%,OPEN,MEMO TERMS,YELLOW TAGGING,,,,
B019L021,VISMIN,BACOLOD,1,B,3,AMANI MID,64.00,36,"2,041,384.00",,"2,041,384.00",Feb-2028,0%,OPEN,MEMO TERMS,YELLOW TAGGING,,,,
B019L022,VISMIN,BACOLOD,1,B,3,AMANI MID,65.00,36,"2,057,293.00",,"2,057,293.00",Feb-2028,0%,OPEN,MEMO TERMS,YELLOW TAGGING,,,,
B019L023,VISMIN,BACOLOD,1,B,3,AMANI MID,65,36,"2,057,293.00",,"2,057,293.00",Feb-2028,0%,OPEN,MEMO TERMS,YELLOW TAGGING,,,,
B019L024,VISMIN,BACOLOD,1,B,3,AMANI END,89,36,"2,513,924.00",,"2,513,924.00",Feb-2028,0%,OPEN,MEMO TERMS,YELLOW TAGGING,,,,
B019L025,VISMIN,BACOLOD,1,B,3,AMANI END,88.00,36,"2,497,915.00",,"2,497,915.00",Feb-2028,0%,OPEN,MEMO TERMS,YELLOW TAGGING,,,,
B019L026,VISMIN,BACOLOD,1,B,3,AMANI MID,64,36,"2,041,384.00",,"2,041,384.00",Feb-2028,0%,OPEN,MEMO TERMS,YELLOW TAGGING,,,,
B019L027,VISMIN,BACOLOD,1,B,3,AMANI MID,64,36,"2,041,384.00",,"2,041,384.00",Feb-2028,0%,OPEN,MEMO TERMS,YELLOW TAGGING,,,,
B019L028,VISMIN,BACOLOD,1,B,3,AMANI MID,64,36,"2,041,384.00",,"2,041,384.00",Feb-2028,0%,OPEN,MEMO TERMS,YELLOW TAGGING,,,,
B019L029,VISMIN,BACOLOD,1,B,3,AMANI MID,64,36,"2,041,384.00",,"2,041,384.00",Feb-2028,0%,OPEN,MEMO TERMS,YELLOW TAGGING,,,,
B019L030,VISMIN,BACOLOD,1,B,3,AMANI MID,65.00,36,"2,057,293.00",,"2,057,293.00",Feb-2028,0%,OPEN,MEMO TERMS,YELLOW TAGGING,,,,
B019L031,VISMIN,BACOLOD,1,B,3,AMANI MID,65,36,"2,057,293.00",,"2,057,293.00",Feb-2028,0%,OPEN,MEMO TERMS,YELLOW TAGGING,,,,
B019L032,VISMIN,BACOLOD,1,B,3,AMANI END,89,36,"2,513,924.00",,"2,513,924.00",Feb-2028,0%,OPEN,MEMO TERMS,YELLOW TAGGING,,,,
B019L033,VISMIN,BACOLOD,1,B,3,AMANI END,88,36,"2,497,915.00",,"2,497,915.00",Feb-2028,0%,OPEN,MEMO TERMS,YELLOW TAGGING,,,,
B019L034,VISMIN,BACOLOD,1,B,3,AMANI MID,64,36,"2,041,384.00",,"2,041,384.00",Feb-2028,0%,OPEN,MEMO TERMS,YELLOW TAGGING,,,,
B019L035,VISMIN,BACOLOD,1,B,3,AMANI MID,65,36,"2,057,293.00",,"2,057,293.00",Feb-2028,0%,OPEN,MEMO TERMS,YELLOW TAGGING,,,,
B019L036,VISMIN,BACOLOD,1,B,3,AMANI MID,65,36,"2,057,293.00",,"2,057,293.00",Feb-2028,0%,OPEN,MEMO TERMS,YELLOW TAGGING,,,,
B019L037,VISMIN,BACOLOD,1,B,3,AMANI MID,65,36,"2,057,293.00",,"2,057,293.00",Feb-2028,0%,OPEN,MEMO TERMS,YELLOW TAGGING,,,,
B019L038,VISMIN,BACOLOD,1,B,3,AMANI MID,65,36,"2,057,293.00",,"2,057,293.00",Feb-2028,0%,OPEN,MEMO TERMS,YELLOW TAGGING,,,,
B019L039,VISMIN,BACOLOD,1,B,3,AMANI MID,65.00,36,"2,057,293.00",,"2,057,293.00",Feb-2028,0%,OPEN,MEMO TERMS,YELLOW TAGGING,,,,
B019L040,VISMIN,BACOLOD,1,B,3,AMANI END,89.00,36,"2,513,924.00",,"2,513,924.00",Mar-2028,0%,OPEN,MEMO TERMS,YELLOW TAGGING,,,,
B019L042,VISMIN,BACOLOD,1,B,3,AMANI MID,65.00,36,"2,057,293.00",,"2,057,293.00",Mar-2028,0%,OPEN,MEMO TERMS,YELLOW TAGGING,,,,
B019L043,VISMIN,BACOLOD,1,B,3,AMANI MID,65,36,"2,057,293.00",,"2,057,293.00",Mar-2028,0%,OPEN,MEMO TERMS,YELLOW TAGGING,,,,
B019L044,VISMIN,BACOLOD,1,B,3,AMANI MID,65.00,36,"2,057,293.00",,"2,057,293.00",Mar-2028,0%,OPEN,MEMO TERMS,YELLOW TAGGING,,,,
B019L045,VISMIN,BACOLOD,1,B,3,AMANI MID,65.00,36,"2,057,293.00",,"2,057,293.00",Mar-2028,0%,OPEN,MEMO TERMS,YELLOW TAGGING,,,,
B019L046,VISMIN,BACOLOD,1,B,3,AMANI MID,65.00,36,"2,057,293.00",,"2,057,293.00",Mar-2028,0%,OPEN,MEMO TERMS,YELLOW TAGGING,,,,
B019L047,VISMIN,BACOLOD,1,B,3,AMANI MID,65.00,36,"2,057,293.00",,"2,057,293.00",Mar-2028,0%,OPEN,MEMO TERMS,YELLOW TAGGING,,,,
B019L048,VISMIN,BACOLOD,1,B,3,AMANI END,90.00,36,"2,529,933.00",,"2,529,933.00",Mar-2028,0%,OPEN,MEMO TERMS,YELLOW TAGGING,,,,
,,,,,,,,,,,,,,,,,,,,
,,,,,,,,,,,,,,,,,,,,
,,,,,,,,,,,,,,,,,,,,
,,,,,,,,,,,,,,,,,,,,
,,,,,,,,,,,,,,,,,,,,
,,,,,,,,,,,,,,,,,,,,
,,,,,,,,,,,,,,,,,,,,
,,,,,,,,,,,,,,,,,,,,
,,,,,,,,,,,,,,,,,,,,
,,,,,,,,,,,,,,,,,,,,
,,,,,,,,,,,,,,,,,,,,
,,,,,,,,,,,,,,,,,,,,
,,,,,,,,,,,,,,,,,,,,
,,,,,,,,,,,,,,,,,,,,
,,,,,,,,,,,,,,,,,,,,
,,,,,,,,,,,,,,,,,,,,
,,,,,,,,,,,,,,,,,,,,
,,,,,,,,,,,,,,,,,,,,
,,,,,,,,,,,,,,,,,,,,
,,,,,,,,,,,,,,,,,,,,
,,,,,,,,,,,,,,,,,,,,
,,,,,,,,,,,,,,,,,,,,
,,,,,,,,,,,,,,,,,,,,
,,,,,,,,,,,,,,,,,,,,
,,,,,,,,,,,,,,,,,,,,
,,,,,,,,,,,,,,,,,,,,
,,,,,,,,,,,,,,,,,,,,
,,,,,,,,,,,,,,,,,,,,
,,,,,,,,,,,,,,,,,,,,
,,,,,,,,,,,,,,,,,,,,
,,,,,,,,,,,,,,,,,,,,
,,,,,,,,,,,,,,,,,,,,
,,,,,,,,,,,,,,,,,,,,
,,,,,,,,,,,,,,,,,,,,
,,,,,,,,,,,,,,,,,,,,
,,,,,,,,,,,,,,,,,,,,
,,,,,,,,,,,,,,,,,,,,
,,,,,,,,,,,,,,,,,,,,
,,,,,,,,,,,,,,,,,,,,
,,,,,,,,,,,,,,,,,,,,
,,,,,,,,,,,,,,,,,,,,
,,,,,,,,,,,,,,,,,,,,
,,,,,,,,,,,,,,,,,,,,
,,,,,,,,,,,,,,,,,,,,
,,,,,,,,,,,,,,,,,,,,
,,,,,,,,,,,,,,,,,,,,
,,,,,,,,,,,,,,,,,,,,
,,,,,,,,,,,,,,,,,,,,
,,,,,,,,,,,,,,,,,,,,
,,,,,,,,,,,,,,,,,,,,
,,,,,,,,,,,,,,,,,,,,
,,,,,,,,,,,,,,,,,,,,
,,,,,,,,,,,,,,,,,,,,
,,,,,,,,,,,,,,,,,,,,
,,,,,,,,,,,,,,,,,,,,
,,,,,,,,,,,,,,,,,,,,
,,,,,,,,,,,,,,,,,,,,
,,,,,,,,,,,,,,,,,,,,
,,,,,,,,,,,,,,,,,,,,
,,,,,,,,,,,,,,,,,,,,
,,,,,,,,,,,,,,,,,,,,
,,,,,,,,,,,,,,,,,,,,
,,,,,,,,,,,,,,,,,,,,
,,,,,,,,,,,,,,,,,,,,
,,,,,,,,,,,,,,,,,,,,
,,,,,,,,,,,,,,,,,,,,
,,,,,,,,,,,,,,,,,,,,
,,,,,,,,,,,,,,,,,,,,
,,,,,,,,,,,,,,,,,,,,
,,,,,,,,,,,,,,,,,,,,
,,,,,,,,,,,,,,,,,,,,
,,,,,,,,,,,,,,,,,,,,
,,,,,,,,,,,,,,,,,,,,
,,,,,,,,,,,,,,,,,,,,
,,,,,,,,,,,,,,,,,,,,
,,,,,,,,,,,,,,,,,,,,
,,,,,,,,,,,,,,,,,,,,
,,,,,,,,,,,,,,,,,,,,
,,,,,,,,,,,,,,,,,,,,
,,,,,,,,,,,,,,,,,,,,
,,,,,,,,,,,,,,,,,,,,
,,,,,,,,,,,,,,,,,,,,
,,,,,,,,,,,,,,,,,,,,
,,,,,,,,,,,,,,,,,,,,
,,,,,,,,,,,,,,,,,,,,
,,,,,,,,,,,,,,,,,,,,
,,,,,,,,,,,,,,,,,,,,
,,,,,,,,,,,,,,,,,,,,
,,,,,,,,,,,,,,,,,,,,
,,,,,,,,,,,,,,,,,,,,
,,,,,,,,,,,,,,,,,,,,
,,,,,,,,,,,,,,,,,,,,
,,,,,,,,,,,,,,,,,,,,
,,,,,,,,,,,,,,,,,,,,
,,,,,,,,,,,,,,,,,,,,
,,,,,,,,,,,,,,,,,,,,
,,,,,,,,,,,,,,,,,,,,
,,,,,,,,,,,,,,,,,,,,
,,,,,,,,,,,,,,,,,,,,
,,,,,,,,,,,,,,,,,,,,
,,,,,,,,,,,,,,,,,,,,
,,,,,,,,,,,,,,,,,,,,
,,,,,,,,,,,,,,,,,,,,
,,,,,,,,,,,,,,,,,,,,
,,,,,,,,,,,,,,,,,,,,
,,,,,,,,,,,,,,,,,,,,
,,,,,,,,,,,,,,,,,,,,
,,,,,,,,,,,,,,,,,,,,
,,,,,,,,,,,,,,,,,,,,
,,,,,,,,,,,,,,,,,,,,
,,,,,,,,,,,,,,,,,,,,
,,,,,,,,,,,,,,,,,,,,
,,,,,,,,,,,,,,,,,,,,
,,,,,,,,,,,,,,,,,,,,
,,,,,,,,,,,,,,,,,,,,
,,,,,,,,,,,,,,,,,,,,
,,,,,,,,,,,,,,,,,,,,
,,,,,,,,,,,,,,,,,,,,
,,,,,,,,,,,,,,,,,,,,
,,,,,,,,,,,,,,,,,,,,
,,,,,,,,,,,,,,,,,,,,
,,,,,,,,,,,,,,,,,,,,
,,,,,,,,,,,,,,,,,,,,
,,,,,,,,,,,,,,,,,,,,
,,,,,,,,,,,,,,,,,,,,
,,,,,,,,,,,,,,,,,,,,
,,,,,,,,,,,,,,,,,,,,
,,,,,,,,,,,,,,,,,,,,
,,,,,,,,,,,,,,,,,,,,
,,,,,,,,,,,,,,,,,,,,
,,,,,,,,,,,,,,,,,,,,
,,,,,,,,,,,,,,,,,,,,
,,,,,,,,,,,,,,,,,,,,
,,,,,,,,,,,,,,,,,,,,
,,,,,,,,,,,,,,,,,,,,
,,,,,,,,,,,,,,,,,,,,
,,,,,,,,,,,,,,,,,,,,
,,,,,,,,,,,,,,,,,,,,
,,,,,,,,,,,,,,,,,,,,
,,,,,,,,,,,,,,,,,,,,
,,,,,,,,,,,,,,,,,,,,
,,,,,,,,,,,,,,,,,,,,
,,,,,,,,,,,,,,,,,,,,
,,,,,,,,,,,,,,,,,,,,
,,,,,,,,,,,,,,,,,,,,
,,,,,,,,,,,,,,,,,,,,
,,,,,,,,,,,,,,,,,,,,
,,,,,,,,,,,,,,,,,,,,
,,,,,,,,,,,,,,,,,,,,
,,,,,,,,,,,,,,,,,,,,
,,,,,,,,,,,,,,,,,,,,
,,,,,,,,,,,,,,,,,,,,
,,,,,,,,,,,,,,,,,,,,
,,,,,,,,,,,,,,,,,,,,
,,,,,,,,,,,,,,,,,,,,
,,,,,,,,,,,,,,,,,,,,
,,,,,,,,,,,,,,,,,,,,
,,,,,,,,,,,,,,,,,,,,
,,,,,,,,,,,,,,,,,,,,
,,,,,,,,,,,,,,,,,,,,
,,,,,,,,,,,,,,,,,,,,
,,,,,,,,,,,,,,,,,,,,
,,,,,,,,,,,,,,,,,,,,
,,,,,,,,,,,,,,,,,,,,
,,,,,,,,,,,,,,,,,,,,
,,,,,,,,,,,,,,,,,,,,
,,,,,,,,,,,,,,,,,,,,
,,,,,,,,,,,,,,,,,,,,
,,,,,,,,,,,,,,,,,,,,
,,,,,,,,,,,,,,,,,,,,
,,,,,,,,,,,,,,,,,,,,
,,,,,,,,,,,,,,,,,,,,
,,,,,,,,,,,,,,,,,,,,
,,,,,,,,,,,,,,,,,,,,
,,,,,,,,,,,,,,,,,,,,
,,,,,,,,,,,,,,,,,,,,
,,,,,,,,,,,,,,,,,,,,
,,,,,,,,,,,,,,,,,,,,
,,,,,,,,,,,,,,,,,,,,
,,,,,,,,,,,,,,,,,,,,
,,,,,,,,,,,,,,,,,,,,
,,,,,,,,,,,,,,,,,,,,
,,,,,,,,,,,,,,,,,,,,
,,,,,,,,,,,,,,,,,,,,
,,,,,,,,,,,,,,,,,,,,
,,,,,,,,,,,,,,,,,,,,
,,,,,,,,,,,,,,,,,,,,
,,,,,,,,,,,,,,,,,,,,
,,,,,,,,,,,,,,,,,,,,
,,,,,,,,,,,,,,,,,,,,
,,,,,,,,,,,,,,,,,,,,
,,,,,,,,,,,,,,,,,,,,
,,,,,,,,,,,,,,,,,,,,
,,,,,,,,,,,,,,,,,,,,
,,,,,,,,,,,,,,,,,,,,
,,,,,,,,,,,,,,,,,,,,
,,,,,,,,,,,,,,,,,,,,
,,,,,,,,,,,,,,,,,,,,
,,,,,,,,,,,,,,,,,,,,
,,,,,,,,,,,,,,,,,,,,
,,,,,,,,,,,,,,,,,,,,
,,,,,,,,,,,,,,,,,,,,
,,,,,,,,,,,,,,,,,,,,
,,,,,,,,,,,,,,,,,,,,
,,,,,,,,,,,,,,,,,,,,
,,,,,,,,,,,,,,,,,,,,
,,,,,,,,,,,,,,,,,,,,
,,,,,,,,,,,,,,,,,,,,
,,,,,,,,,,,,,,,,,,,,
,,,,,,,,,,,,,,,,,,,,
,,,,,,,,,,,,,,,,,,,,
,,,,,,,,,,,,,,,,,,,,
,,,,,,,,,,,,,,,,,,,,
,,,,,,,,,,,,,,,,,,,,
,,,,,,,,,,,,,,,,,,,,
,,,,,,,,,,,,,,,,,,,,
,,,,,,,,,,,,,,,,,,,,
,,,,,,,,,,,,,,,,,,,,
,,,,,,,,,,,,,,,,,,,,
,,,,,,,,,,,,,,,,,,,,
,,,,,,,,,,,,,,,,,,,,
,,,,,,,,,,,,,,,,,,,,
,,,,,,,,,,,,,,,,,,,,
,,,,,,,,,,,,,,,,,,,,
,,,,,,,,,,,,,,,,,,,,
,,,,,,,,,,,,,,,,,,,,
,,,,,,,,,,,,,,,,,,,,
,,,,,,,,,,,,,,,,,,,,
,,,,,,,,,,,,,,,,,,,,
,,,,,,,,,,,,,,,,,,,,
,,,,,,,,,,,,,,,,,,,,
,,,,,,,,,,,,,,,,,,,,
,,,,,,,,,,,,,,,,,,,,
,,,,,,,,,,,,,,,,,,,,
,,,,,,,,,,,,,,,,,,,,
,,,,,,,,,,,,,,,,,,,,
,,,,,,,,,,,,,,,,,,,,
,,,,,,,,,,,,,,,,,,,,
,,,,,,,,,,,,,,,,,,,,
,,,,,,,,,,,,,,,,,,,,
,,,,,,,,,,,,,,,,,,,,
,,,,,,,,,,,,,,,,,,,,
,,,,,,,,,,,,,,,,,,,,
,,,,,,,,,,,,,,,,,,,,
,,,,,,,,,,,,,,,,,,,,
,,,,,,,,,,,,,,,,,,,,
,,,,,,,,,,,,,,,,,,,,
,,,,,,,,,,,,,,,,,,,,
,,,,,,,,,,,,,,,,,,,,
,,,,,,,,,,,,,,,,,,,,
,,,,,,,,,,,,,,,,,,,,
,,,,,,,,,,,,,,,,,,,,
,,,,,,,,,,,,,,,,,,,,
,,,,,,,,,,,,,,,,,,,,
,,,,,,,,,,,,,,,,,,,,
,,,,,,,,,,,,,,,,,,,,
,,,,,,,,,,,,,,,,,,,,
,,,,,,,,,,,,,,,,,,,,
,,,,,,,,,,,,,,,,,,,,
,,,,,,,,,,,,,,,,,,,,
,,,,,,,,,,,,,,,,,,,,
,,,,,,,,,,,,,,,,,,,,
,,,,,,,,,,,,,,,,,,,,
,,,,,,,,,,,,,,,,,,,,
,,,,,,,,,,,,,,,,,,,,
,,,,,,,,,,,,,,,,,,,,
,,,,,,,,,,,,,,,,,,,,
,,,,,,,,,,,,,,,,,,,,
,,,,,,,,,,,,,,,,,,,,
,,,,,,,,,,,,,,,,,,,,
,,,,,,,,,,,,,,,,,,,,
,,,,,,,,,,,,,,,,,,,,
,,,,,,,,,,,,,,,,,,,,
,,,,,,,,,,,,,,,,,,,,
,,,,,,,,,,,,,,,,,,,,
,,,,,,,,,,,,,,,,,,,,
,,,,,,,,,,,,,,,,,,,,
,,,,,,,,,,,,,,,,,,,,
,,,,,,,,,,,,,,,,,,,,
,,,,,,,,,,,,,,,,,,,,
,,,,,,,,,,,,,,,,,,,,
,,,,,,,,,,,,,,,,,,,,
,,,,,,,,,,,,,,,,,,,,
,,,,,,,,,,,,,,,,,,,,
,,,,,,,,,,,,,,,,,,,,
,,,,,,,,,,,,,,,,,,,,
,,,,,,,,,,,,,,,,,,,,
,,,,,,,,,,,,,,,,,,,,
,,,,,,,,,,,,,,,,,,,,
,,,,,,,,,,,,,,,,,,,,
,,,,,,,,,,,,,,,,,,,,
,,,,,,,,,,,,,,,,,,,,
,,,,,,,,,,,,,,,,,,,,
,,,,,,,,,,,,,,,,,,,,
,,,,,,,,,,,,,,,,,,,,
,,,,,,,,,,,,,,,,,,,,
,,,,,,,,,,,,,,,,,,,,
,,,,,,,,,,,,,,,,,,,,
,,,,,,,,,,,,,,,,,,,,
,,,,,,,,,,,,,,,,,,,,
,,,,,,,,,,,,,,,,,,,,
,,,,,,,,,,,,,,,,,,,,
,,,,,,,,,,,,,,,,,,,,
,,,,,,,,,,,,,,,,,,,,
,,,,,,,,,,,,,,,,,,,,
,,,,,,,,,,,,,,,,,,,,
,,,,,,,,,,,,,,,,,,,,
,,,,,,,,,,,,,,,,,,,,
,,,,,,,,,,,,,,,,,,,,
,,,,,,,,,,,,,,,,,,,,
,,,,,,,,,,,,,,,,,,,,
,,,,,,,,,,,,,,,,,,,,
,,,,,,,,,,,,,,,,,,,,
,,,,,,,,,,,,,,,,,,,,
,,,,,,,,,,,,,,,,,,,,
,,,,,,,,,,,,,,,,,,,,
,,,,,,,,,,,,,,,,,,,,
,,,,,,,,,,,,,,,,,,,,
,,,,,,,,,,,,,,,,,,,,
,,,,,,,,,,,,,,,,,,,,
,,,,,,,,,,,,,,,,,,,,
,,,,,,,,,,,,,,,,,,,,
,,,,,,,,,,,,,,,,,,,,
,,,,,,,,,,,,,,,,,,,,
,,,,,,,,,,,,,,,,,,,,
,,,,,,,,,,,,,,,,,,,,
,,,,,,,,,,,,,,,,,,,,
,,,,,,,,,,,,,,,,,,,,
,,,,,,,,,,,,,,,,,,,,
,,,,,,,,,,,,,,,,,,,,
,,,,,,,,,,,,,,,,,,,,
,,,,,,,,,,,,,,,,,,,,
,,,,,,,,,,,,,,,,,,,,
,,,,,,,,,,,,,,,,,,,,
,,,,,,,,,,,,,,,,,,,,
,,,,,,,,,,,,,,,,,,,,
,,,,,,,,,,,,,,,,,,,,
,,,,,,,,,,,,,,,,,,,,
,,,,,,,,,,,,,,,,,,,,
,,,,,,,,,,,,,,,,,,,,
,,,,,,,,,,,,,,,,,,,,
,,,,,,,,,,,,,,,,,,,,
,,,,,,,,,,,,,,,,,,,,
,,,,,,,,,,,,,,,,,,,,
,,,,,,,,,,,,,,,,,,,,
,,,,,,,,,,,,,,,,,,,,
,,,,,,,,,,,,,,,,,,,,
,,,,,,,,,,,,,,,,,,,,
,,,,,,,,,,,,,,,,,,,,
,,,,,,,,,,,,,,,,,,,,
,,,,,,,,,,,,,,,,,,,,
,,,,,,,,,,,,,,,,,,,,
,,,,,,,,,,,,,,,,,,,,
,,,,,,,,,,,,,,,,,,,,
,,,,,,,,,,,,,,,,,,,,
,,,,,,,,,,,,,,,,,,,,
,,,,,,,,,,,,,,,,,,,,
,,,,,,,,,,,,,,,,,,,,
,,,,,,,,,,,,,,,,,,,,
,,,,,,,,,,,,,,,,,,,,
,,,,,,,,,,,,,,,,,,,,
,,,,,,,,,,,,,,,,,,,,
,,,,,,,,,,,,,,,,,,,,
,,,,,,,,,,,,,,,,,,,,
,,,,,,,,,,,,,,,,,,,,
,,,,,,,,,,,,,,,,,,,,
,,,,,,,,,,,,,,,,,,,,
,,,,,,,,,,,,,,,,,,,,
,,,,,,,,,,,,,,,,,,,,
,,,,,,,,,,,,,,,,,,,,
,,,,,,,,,,,,,,,,,,,,
,,,,,,,,,,,,,,,,,,,,
,,,,,,,,,,,,,,,,,,,,
,,,,,,,,,,,,,,,,,,,,
,,,,,,,,,,,,,,,,,,,,
,,,,,,,,,,,,,,,,,,,,
,,,,,,,,,,,,,,,,,,,,
,,,,,,,,,,,,,,,,,,,,
,,,,,,,,,,,,,,,,,,,,
,,,,,,,,,,,,,,,,,,,,
,,,,,,,,,,,,,,,,,,,,
,,,,,,,,,,,,,,,,,,,,
,,,,,,,,,,,,,,,,,,,,
,,,,,,,,,,,,,,,,,,,,
,,,,,,,,,,,,,,,,,,,,
,,,,,,,,,,,,,,,,,,,,
,,,,,,,,,,,,,,,,,,,,
,,,,,,,,,,,,,,,,,,,,
,,,,,,,,,,,,,,,,,,,,
,,,,,,,,,,,,,,,,,,,,
,,,,,,,,,,,,,,,,,,,,
,,,,,,,,,,,,,,,,,,,,
,,,,,,,,,,,,,,,,,,,,
,,,,,,,,,,,,,,,,,,,,
,,,,,,,,,,,,,,,,,,,,
,,,,,,,,,,,,,,,,,,,,
,,,,,,,,,,,,,,,,,,,,
,,,,,,,,,,,,,,,,,,,,
,,,,,,,,,,,,,,,,,,,,
,,,,,,,,,,,,,,,,,,,,
,,,,,,,,,,,,,,,,,,,,
,,,,,,,,,,,,,,,,,,,,
,,,,,,,,,,,,,,,,,,,,
,,,,,,,,,,,,,,,,,,,,
,,,,,,,,,,,,,,,,,,,,
,,,,,,,,,,,,,,,,,,,,
,,,,,,,,,,,,,,,,,,,,
,,,,,,,,,,,,,,,,,,,,
,,,,,,,,,,,,,,,,,,,,
,,,,,,,,,,,,,,,,,,,,
,,,,,,,,,,,,,,,,,,,,
,,,,,,,,,,,,,,,,,,,,
,,,,,,,,,,,,,,,,,,,,
,,,,,,,,,,,,,,,,,,,,
,,,,,,,,,,,,,,,,,,,,
,,,,,,,,,,,,,,,,,,,,
,,,,,,,,,,,,,,,,,,,,
,,,,,,,,,,,,,,,,,,,,
,,,,,,,,,,,,,,,,,,,,
,,,,,,,,,,,,,,,,,,,,
,,,,,,,,,,,,,,,,,,,,
,,,,,,,,,,,,,,,,,,,,
,,,,,,,,,,,,,,,,,,,,
,,,,,,,,,,,,,,,,,,,,
,,,,,,,,,,,,,,,,,,,,
,,,,,,,,,,,,,,,,,,,,
,,,,,,,,,,,,,,,,,,,,
,,,,,,,,,,,,,,,,,,,,
,,,,,,,,,,,,,,,,,,,,
,,,,,,,,,,,,,,,,,,,,
,,,,,,,,,,,,,,,,,,,,
,,,,,,,,,,,,,,,,,,,,
,,,,,,,,,,,,,,,,,,,,
,,,,,,,,,,,,,,,,,,,,
,,,,,,,,,,,,,,,,,,,,
,,,,,,,,,,,,,,,,,,,,
,,,,,,,,,,,,,,,,,,,,
,,,,,,,,,,,,,,,,,,,,
,,,,,,,,,,,,,,,,,,,,
,,,,,,,,,,,,,,,,,,,,
,,,,,,,,,,,,,,,,,,,,
,,,,,,,,,,,,,,,,,,,,
,,,,,,,,,,,,,,,,,,,,
,,,,,,,,,,,,,,,,,,,,
,,,,,,,,,,,,,,,,,,,,
,,,,,,,,,,,,,,,,,,,,
,,,,,,,,,,,,,,,,,,,,
,,,,,,,,,,,,,,,,,,,,
,,,,,,,,,,,,,,,,,,,,
,,,,,,,,,,,,,,,,,,,,
,,,,,,,,,,,,,,,,,,,,
,,,,,,,,,,,,,,,,,,,,
,,,,,,,,,,,,,,,,,,,,
,,,,,,,,,,,,,,,,,,,,
,,,,,,,,,,,,,,,,,,,,
,,,,,,,,,,,,,,,,,,,,
,,,,,,,,,,,,,,,,,,,,
,,,,,,,,,,,,,,,,,,,,
,,,,,,,,,,,,,,,,,,,,
,,,,,,,,,,,,,,,,,,,,
,,,,,,,,,,,,,,,,,,,,
,,,,,,,,,,,,,,,,,,,,
,,,,,,,,,,,,,,,,,,,,
,,,,,,,,,,,,,,,,,,,,
,,,,,,,,,,,,,,,,,,,,
,,,,,,,,,,,,,,,,,,,,
,,,,,,,,,,,,,,,,,,,,
,,,,,,,,,,,,,,,,,,,,
,,,,,,,,,,,,,,,,,,,,
,,,,,,,,,,,,,,,,,,,,
,,,,,,,,,,,,,,,,,,,,
,,,,,,,,,,,,,,,,,,,,
,,,,,,,,,,,,,,,,,,,,
,,,,,,,,,,,,,,,,,,,,
,,,,,,,,,,,,,,,,,,,,
,,,,,,,,,,,,,,,,,,,,
,,,,,,,,,,,,,,,,,,,,
,,,,,,,,,,,,,,,,,,,,
,,,,,,,,,,,,,,,,,,,,
,,,,,,,,,,,,,,,,,,,,
,,,,,,,,,,,,,,,,,,,,
,,,,,,,,,,,,,,,,,,,,
,,,,,,,,,,,,,,,,,,,,
,,,,,,,,,,,,,,,,,,,,
,,,,,,,,,,,,,,,,,,,,
,,,,,,,,,,,,,,,,,,,,
,,,,,,,,,,,,,,,,,,,,
,,,,,,,,,,,,,,,,,,,,
,,,,,,,,,,,,,,,,,,,,
,,,,,,,,,,,,,,,,,,,,
,,,,,,,,,,,,,,,,,,,,
,,,,,,,,,,,,,,,,,,,,
,,,,,,,,,,,,,,,,,,,,
,,,,,,,,,,,,,,,,,,,,
,,,,,,,,,,,,,,,,,,,,
,,,,,,,,,,,,,,,,,,,,
,,,,,,,,,,,,,,,,,,,,
,,,,,,,,,,,,,,,,,,,,
,,,,,,,,,,,,,,,,,,,,
,,,,,,,,,,,,,,,,,,,,
,,,,,,,,,,,,,,,,,,,,
,,,,,,,,,,,,,,,,,,,,
,,,,,,,,,,,,,,,,,,,,
,,,,,,,,,,,,,,,,,,,,
,,,,,,,,,,,,,,,,,,,,
,,,,,,,,,,,,,,,,,,,,
,,,,,,,,,,,,,,,,,,,,
,,,,,,,,,,,,,,,,,,,,
,,,,,,,,,,,,,,,,,,,,
,,,,,,,,,,,,,,,,,,,,
,,,,,,,,,,,,,,,,,,,,
,,,,,,,,,,,,,,,,,,,,
,,,,,,,,,,,,,,,,,,,,
,,,,,,,,,,,,,,,,,,,,
,,,,,,,,,,,,,,,,,,,,
,,,,,,,,,,,,,,,,,,,,
,,,,,,,,,,,,,,,,,,,,
,,,,,,,,,,,,,,,,,,,,
,,,,,,,,,,,,,,,,,,,,
,,,,,,,,,,,,,,,,,,,,
,,,,,,,,,,,,,,,,,,,,
,,,,,,,,,,,,,,,,,,,,
,,,,,,,,,,,,,,,,,,,,
,,,,,,,,,,,,,,,,,,,,
,,,,,,,,,,,,,,,,,,,,
,,,,,,,,,,,,,,,,,,,,
,,,,,,,,,,,,,,,,,,,,
,,,,,,,,,,,,,,,,,,,,
,,,,,,,,,,,,,,,,,,,,
,,,,,,,,,,,,,,,,,,,,
,,,,,,,,,,,,,,,,,,,,
,,,,,,,,,,,,,,,,,,,,
,,,,,,,,,,,,,,,,,,,,
,,,,,,,,,,,,,,,,,,,,
,,,,,,,,,,,,,,,,,,,,
,,,,,,,,,,,,,,,,,,,,
,,,,,,,,,,,,,,,,,,,,
,,,,,,,,,,,,,,,,,,,,
,,,,,,,,,,,,,,,,,,,,
,,,,,,,,,,,,,,,,,,,,
,,,,,,,,,,,,,,,,,,,,
,,,,,,,,,,,,,,,,,,,,
,,,,,,,,,,,,,,,,,,,,
,,,,,,,,,,,,,,,,,,,,
,,,,,,,,,,,,,,,,,,,,
,,,,,,,,,,,,,,,,,,,,
,,,,,,,,,,,,,,,,,,,,
,,,,,,,,,,,,,,,,,,,,
,,,,,,,,,,,,,,,,,,,,
,,,,,,,,,,,,,,,,,,,,
,,,,,,,,,,,,,,,,,,,,
,,,,,,,,,,,,,,,,,,,,
,,,,,,,,,,,,,,,,,,,,
,,,,,,,,,,,,,,,,,,,,
,,,,,,,,,,,,,,,,,,,,
,,,,,,,,,,,,,,,,,,,,
,,,,,,,,,,,,,,,,,,,,
,,,,,,,,,,,,,,,,,,,,
,,,,,,,,,,,,,,,,,,,,
,,,,,,,,,,,,,,,,,,,,
,,,,,,,,,,,,,,,,,,,,
,,,,,,,,,,,,,,,,,,,,
,,,,,,,,,,,,,,,,,,,,
,,,,,,,,,,,,,,,,,,,,
,,,,,,,,,,,,,,,,,,,,
,,,,,,,,,,,,,,,,,,,,
,,,,,,,,,,,,,,,,,,,,
,,,,,,,,,,,,,,,,,,,,
,,,,,,,,,,,,,,,,,,,,
,,,,,,,,,,,,,,,,,,,,
,,,,,,,,,,,,,,,,,,,,
,,,,,,,,,,,,,,,,,,,,
,,,,,,,,,,,,,,,,,,,,
,,,,,,,,,,,,,,,,,,,,
,,,,,,,,,,,,,,,,,,,,
,,,,,,,,,,,,,,,,,,,,
,,,,,,,,,,,,,,,,,,,,
,,,,,,,,,,,,,,,,,,,,
,,,,,,,,,,,,,,,,,,,,
,,,,,,,,,,,,,,,,,,,,
,,,,,,,,,,,,,,,,,,,,
,,,,,,,,,,,,,,,,,,,,
,,,,,,,,,,,,,,,,,,,,
,,,,,,,,,,,,,,,,,,,,
,,,,,,,,,,,,,,,,,,,,
,,,,,,,,,,,,,,,,,,,,
,,,,,,,,,,,,,,,,,,,,
,,,,,,,,,,,,,,,,,,,,
,,,,,,,,,,,,,,,,,,,,
,,,,,,,,,,,,,,,,,,,,
,,,,,,,,,,,,,,,,,,,,
,,,,,,,,,,,,,,,,,,,,
,,,,,,,,,,,,,,,,,,,,
,,,,,,,,,,,,,,,,,,,,
,,,,,,,,,,,,,,,,,,,,
,,,,,,,,,,,,,,,,,,,,
,,,,,,,,,,,,,,,,,,,,
,,,,,,,,,,,,,,,,,,,,
,,,,,,,,,,,,,,,,,,,,
,,,,,,,,,,,,,,,,,,,,
,,,,,,,,,,,,,,,,,,,,
,,,,,,,,,,,,,,,,,,,,
,,,,,,,,,,,,,,,,,,,,
,,,,,,,,,,,,,,,,,,,,
,,,,,,,,,,,,,,,,,,,,
,,,,,,,,,,,,,,,,,,,,
,,,,,,,,,,,,,,,,,,,,
,,,,,,,,,,,,,,,,,,,,
,,,,,,,,,,,,,,,,,,,,
,,,,,,,,,,,,,,,,,,,,
,,,,,,,,,,,,,,,,,,,,
,,,,,,,,,,,,,,,,,,,,
,,,,,,,,,,,,,,,,,,,,
,,,,,,,,,,,,,,,,,,,,
,,,,,,,,,,,,,,,,,,,,
,,,,,,,,,,,,,,,,,,,,
,,,,,,,,,,,,,,,,,,,,
,,,,,,,,,,,,,,,,,,,,
,,,,,,,,,,,,,,,,,,,,
,,,,,,,,,,,,,,,,,,,,
,,,,,,,,,,,,,,,,,,,,
,,,,,,,,,,,,,,,,,,,,
,,,,,,,,,,,,,,,,,,,,
,,,,,,,,,,,,,,,,,,,,
,,,,,,,,,,,,,,,,,,,,
,,,,,,,,,,,,,,,,,,,,
,,,,,,,,,,,,,,,,,,,,
,,,,,,,,,,,,,,,,,,,,
,,,,,,,,,,,,,,,,,,,,
,,,,,,,,,,,,,,,,,,,,
,,,,,,,,,,,,,,,,,,,,
,,,,,,,,,,,,,,,,,,,,
,,,,,,,,,,,,,,,,,,,,
,,,,,,,,,,,,,,,,,,,,
,,,,,,,,,,,,,,,,,,,,
,,,,,,,,,,,,,,,,,,,,
,,,,,,,,,,,,,,,,,,,,
,,,,,,,,,,,,,,,,,,,,
,,,,,,,,,,,,,,,,,,,,
,,,,,,,,,,,,,,,,,,,,
,,,,,,,,,,,,,,,,,,,,
,,,,,,,,,,,,,,,,,,,,
,,,,,,,,,,,,,,,,,,,,
,,,,,,,,,,,,,,,,,,,,
,,,,,,,,,,,,,,,,,,,,
,,,,,,,,,,,,,,,,,,,,
,,,,,,,,,,,,,,,,,,,,
,,,,,,,,,,,,,,,,,,,,
,,,,,,,,,,,,,,,,,,,,
,,,,,,,,,,,,,,,,,,,,
,,,,,,,,,,,,,,,,,,,,
,,,,,,,,,,,,,,,,,,,,
,,,,,,,,,,,,,,,,,,,,
,,,,,,,,,,,,,,,,,,,,
,,,,,,,,,,,,,,,,,,,,
,,,,,,,,,,,,,,,,,,,,
,,,,,,,,,,,,,,,,,,,,
,,,,,,,,,,,,,,,,,,,,
,,,,,,,,,,,,,,,,,,,,
,,,,,,,,,,,,,,,,,,,,
,,,,,,,,,,,,,,,,,,,,
,,,,,,,,,,,,,,,,,,,,
,,,,,,,,,,,,,,,,,,,,
,,,,,,,,,,,,,,,,,,,,
,,,,,,,,,,,,,,,,,,,,
,,,,,,,,,,,,,,,,,,,,
,,,,,,,,,,,,,,,,,,,,
,,,,,,,,,,,,,,,,,,,,
,,,,,,,,,,,,,,,,,,,,
,,,,,,,,,,,,,,,,,,,,
,,,,,,,,,,,,,,,,,,,,
,,,,,,,,,,,,,,,,,,,,
,,,,,,,,,,,,,,,,,,,,
,,,,,,,,,,,,,,,,,,,,
,,,,,,,,,,,,,,,,,,,,
,,,,,,,,,,,,,,,,,,,,
,,,,,,,,,,,,,,,,,,,,
,,,,,,,,,,,,,,,,,,,,
,,,,,,,,,,,,,,,,,,,,
,,,,,,,,,,,,,,,,,,,,
,,,,,,,,,,,,,,,,,,,,
,,,,,,,,,,,,,,,,,,,,
,,,,,,,,,,,,,,,,,,,,
,,,,,,,,,,,,,,,,,,,,
,,,,,,,,,,,,,,,,,,,,
,,,,,,,,,,,,,,,,,,,,
,,,,,,,,,,,,,,,,,,,,
,,,,,,,,,,,,,,,,,,,,
,,,,,,,,,,,,,,,,,,,,
,,,,,,,,,,,,,,,,,,,,
,,,,,,,,,,,,,,,,,,,,
,,,,,,,,,,,,,,,,,,,,
,,,,,,,,,,,,,,,,,,,,
,,,,,,,,,,,,,,,,,,,,
,,,,,,,,,,,,,,,,,,,,
,,,,,,,,,,,,,,,,,,,,
,,,,,,,,,,,,,,,,,,,,
,,,,,,,,,,,,,,,,,,,,
,,,,,,,,,,,,,,,,,,,,
,,,,,,,,,,,,,,,,,,,,
,,,,,,,,,,,,,,,,,,,,
,,,,,,,,,,,,,,,,,,,,
,,,,,,,,,,,,,,,,,,,,
,,,,,,,,,,,,,,,,,,,,
,,,,,,,,,,,,,,,,,,,,
,,,,,,,,,,,,,,,,,,,,
,,,,,,,,,,,,,,,,,,,,
,,,,,,,,,,,,,,,,,,,,
,,,,,,,,,,,,,,,,,,,,
,,,,,,,,,,,,,,,,,,,,
,,,,,,,,,,,,,,,,,,,,
,,,,,,,,,,,,,,,,,,,,
,,,,,,,,,,,,,,,,,,,,
,,,,,,,,,,,,,,,,,,,,
,,,,,,,,,,,,,,,,,,,,
,,,,,,,,,,,,,,,,,,,,
,,,,,,,,,,,,,,,,,,,,
,,,,,,,,,,,,,,,,,,,,
,,,,,,,,,,,,,,,,,,,,
,,,,,,,,,,,,,,,,,,,,
